Date,Open,High,Low,Close,Volume
09/10/19,44.00,44.00,43.75,44.00,302000
09/09/19,44.00,44.00,43.80,43.90,398100
09/06/19,44.00,44.10,43.80,44.00,645700
09/05/19,43.75,43.90,43.70,43.80,820100
09/04/19,43.75,43.90,43.75,43.90,712800
09/03/19,43.75,44.15,43.75,43.80,1340800
09/02/19,44.30,44.95,43.50,43.90,849800
08/30/19,43.80,44.35,43.80,43.90,1697600
08/29/19,44.30,44.90,43.75,43.75,316800
08/28/19,44.00,44.95,43.95,44.95,210300
08/27/19,44.00,44.10,43.95,44.00,1601100
08/23/19,44.30,44.30,43.50,44.00,1513400
08/22/19,45.50,45.50,44.00,44.30,1464400
08/20/19,45.05,45.50,44.80,45.20,623700
08/19/19,44.45,45.15,44.45,45.05,209100
08/16/19,44.20,44.75,43.95,44.45,1826700
08/15/19,44.50,45.70,43.40,45.70,1303000
08/14/19,45.00,45.00,44.30,44.75,486300
08/13/19,44.75,44.75,43.65,44.50,1262300
08/09/19,45.00,45.00,44.25,44.75,192500
08/08/19,44.10,44.80,44.05,44.80,119400
08/07/19,44.10,45.10,44.05,44.05,667400
08/06/19,44.20,44.20,43.50,44.00,897700
08/05/19,44.85,45.40,44.10,44.15,788200
08/02/19,44.80,45.40,44.60,44.85,266100
08/01/19,45.20,45.20,44.70,44.70,430100
07/31/19,45.50,45.55,45.00,45.50,563400
07/30/19,46.00,46.00,45.20,45.50,584100
07/29/19,46.00,46.40,45.25,46.00,504400
07/26/19,46.00,46.00,45.25,45.60,240100
07/25/19,45.45,46.00,45.30,46.00,236900
07/24/19,46.00,46.50,45.40,45.70,1048200
07/23/19,46.00,46.30,45.50,46.00,842700
07/22/19,45.90,46.30,45.50,45.80,464600
07/19/19,45.35,46.20,45.30,45.90,1435600
07/18/19,45.55,46.00,45.25,45.30,1681000
07/17/19,46.00,46.10,45.50,45.50,863700
07/16/19,46.10,47.00,44.70,44.70,1290300
07/15/19,45.90,46.25,45.90,46.10,398500
07/12/19,45.60,46.15,45.60,45.90,2220500
07/11/19,45.50,45.80,45.20,45.80,1293000
07/10/19,44.95,45.50,44.50,45.50,632100
07/09/19,44.00,44.80,43.85,44.80,88000
07/08/19,43.80,44.20,43.70,43.85,1318100
07/05/19,44.00,44.15,43.80,43.80,1375700
07/04/19,44.60,44.60,44.00,44.00,1290400
07/03/19,44.75,44.90,44.00,44.00,539100
07/02/19,44.80,44.95,44.75,44.75,131200
07/01/19,45.00,45.00,44.70,44.80,180000
06/28/19,45.00,45.00,44.25,44.95,152300
06/27/19,44.30,45.00,44.30,44.35,577000
06/26/19,44.50,45.00,44.35,44.65,640700
06/25/19,45.10,45.10,44.35,44.50,439700
06/24/19,45.25,45.25,44.60,45.00,914300
06/21/19,44.90,44.90,44.20,44.55,375100
06/20/19,44.95,45.20,44.00,44.60,914200
06/19/19,45.10,45.70,44.55,44.55,2587400
06/18/19,45.45,45.50,44.90,45.00,504900
06/17/19,45.20,45.85,44.20,45.45,1162800
06/14/19,45.00,45.10,44.50,45.10,199600
06/13/19,45.00,45.50,44.60,44.65,744600
06/11/19,45.50,46.25,45.00,45.00,848200
06/10/19,46.35,46.35,45.50,45.50,212700
06/07/19,46.00,46.35,45.45,46.35,297500
06/06/19,45.50,45.80,44.95,45.80,1310100
06/04/19,45.00,46.00,44.60,44.90,837500
06/03/19,44.20,46.00,44.20,44.55,1002000
05/31/19,44.20,45.30,44.20,44.60,837900
05/30/19,45.80,46.20,43.40,43.40,461900
05/29/19,46.10,46.45,45.00,45.60,436900
05/28/19,45.10,46.40,44.95,46.00,1192900
05/27/19,45.10,45.95,44.10,45.60,891900
05/24/19,45.35,45.35,45.10,45.10,1377500
05/23/19,46.00,46.15,45.20,45.35,1424100
05/22/19,45.50,46.10,45.15,46.00,426500
05/21/19,46.50,46.50,45.05,45.50,1421900
05/20/19,45.55,46.50,44.50,46.50,1145800
05/17/19,44.70,45.50,44.60,45.50,273600
05/16/19,44.90,44.90,44.20,44.90,396600
05/15/19,44.05,45.30,44.05,44.90,1823900
05/14/19,43.85,44.50,43.60,44.05,1637900
05/10/19,44.75,44.75,44.00,44.35,425900
05/09/19,44.75,44.90,44.05,44.80,645200
05/08/19,44.90,44.95,44.00,44.75,753000
05/07/19,44.50,45.20,43.55,45.00,2412400
05/06/19,43.50,44.50,43.50,44.50,885100
05/03/19,42.65,44.25,42.65,43.50,2624000
05/02/19,42.10,42.90,42.00,42.30,1743000
04/30/19,43.90,43.90,41.90,41.90,5889900
04/29/19,43.70,44.00,42.75,43.00,2078200
04/26/19,44.20,44.25,43.60,43.60,3934700
04/25/19,43.35,44.00,43.25,44.00,3794900
04/24/19,44.20,44.20,42.40,43.15,3401200
04/23/19,45.40,45.40,44.00,44.15,1187400
04/22/19,44.60,46.00,44.60,45.50,932900
04/17/19,44.00,44.55,44.00,44.40,1825500
04/16/19,45.10,46.20,43.70,44.00,4610500
04/15/19,47.75,47.80,46.00,46.00,2955000
04/12/19,49.10,49.50,47.55,47.70,3290900
04/11/19,49.75,49.75,49.00,49.00,393800
04/10/19,49.50,50.30,49.50,49.75,3112600
04/08/19,48.25,49.85,48.25,49.50,2725800
04/05/19,48.00,48.40,47.90,48.20,3044200
04/04/19,48.40,48.40,47.50,47.60,301700
04/03/19,48.10,48.40,47.85,48.40,241200
04/02/19,47.70,48.00,47.10,48.00,590000
04/01/19,48.50,48.60,47.00,47.70,618100
03/29/19,47.45,48.30,47.40,48.10,982300
03/28/19,47.40,47.50,47.10,47.50,268900
03/27/19,47.70,47.70,47.35,47.50,289400
03/26/19,47.85,47.85,47.40,47.70,110500
03/25/19,48.30,48.50,47.60,47.85,364400
03/22/19,48.70,48.70,48.00,48.30,265500
03/21/19,48.00,48.75,48.00,48.05,439400
03/20/19,48.00,48.50,48.00,48.50,799900
03/19/19,48.90,48.90,47.60,48.00,1083100
03/18/19,48.80,48.90,47.60,48.90,208600
03/15/19,47.95,49.00,47.05,49.00,403000
03/14/19,48.00,48.00,47.10,47.50,131700
03/13/19,47.65,48.00,47.05,48.00,255300
03/12/19,48.70,48.70,47.50,47.70,169500
03/11/19,48.85,48.90,47.30,48.25,837500
03/08/19,48.55,48.85,48.05,48.85,807800
03/07/19,48.30,48.60,48.20,48.50,488700
03/06/19,48.00,48.25,47.95,48.10,862100
03/05/19,47.30,48.50,47.30,48.00,850900
03/04/19,46.80,47.50,46.35,47.30,487900
03/01/19,47.05,47.45,46.30,46.80,437400
02/28/19,47.75,47.75,46.60,47.05,2155400
02/27/19,49.50,49.50,47.05,48.05,1183400
02/26/19,49.00,49.65,49.00,49.50,4066400
02/22/19,48.75,48.80,47.55,48.70,2676500
02/21/19,48.20,49.00,47.50,48.70,5988700
02/20/19,48.00,48.15,47.05,48.00,3543300
02/19/19,48.00,48.00,46.70,47.20,2952400
02/18/19,47.90,47.95,46.50,46.70,300800
02/15/19,47.00,47.50,46.90,47.10,594000
02/14/19,46.75,47.00,46.60,47.00,304200
02/13/19,47.70,47.80,46.20,46.70,1561700
02/12/19,47.90,47.90,46.95,47.50,839700
02/11/19,48.25,48.25,47.95,48.00,562500
02/08/19,48.60,48.60,47.75,48.25,1615900
02/07/19,48.60,48.90,48.20,48.65,3389400
02/06/19,47.90,49.00,47.40,48.20,1764400
02/04/19,46.90,47.80,46.75,46.90,2420600
02/01/19,45.70,46.85,45.70,46.70,3708600
01/31/19,45.80,46.00,45.15,45.50,2767200
01/30/19,45.75,46.00,44.70,45.00,2336600
01/29/19,45.95,46.40,45.50,45.75,519800
01/28/19,45.00,46.00,45.00,46.00,2717900
01/25/19,45.50,45.80,44.90,44.90,2097500
01/24/19,44.50,45.15,44.50,44.90,5393700
01/23/19,44.90,44.90,44.00,44.50,2717200
01/22/19,45.75,45.75,44.80,45.00,2470700
01/21/19,46.85,46.85,45.75,45.75,792300
01/18/19,46.00,46.90,46.00,46.00,4597800
01/17/19,45.75,47.30,45.30,45.90,7666600
01/16/19,48.65,48.65,48.00,48.30,1292800
01/15/19,48.60,48.80,48.40,48.65,212200
01/14/19,48.50,49.30,48.10,48.65,1751500
01/11/19,48.90,49.20,48.30,48.50,3414200
01/10/19,49.15,50.25,48.95,49.00,4683400
01/09/19,48.75,49.50,48.55,49.05,6039200
01/08/19,49.00,49.05,48.50,48.75,9708900
01/07/19,48.00,49.75,48.00,49.05,10899600
01/04/19,45.15,47.75,45.15,47.20,8979600
01/03/19,43.00,45.70,43.00,45.15,9799500
01/02/19,43.00,43.20,42.95,43.00,3846300
12/28/18,43.45,43.45,42.85,43.00,6067300
12/27/18,43.50,43.50,43.00,43.00,1062200
12/26/18,42.15,43.30,42.15,43.30,653400
12/21/18,43.00,43.00,42.20,42.20,1450500
12/20/18,42.80,42.80,42.50,42.60,1773000
12/19/18,42.50,43.00,42.50,42.90,1547200
12/18/18,42.50,42.55,42.35,42.45,3525400
12/17/18,42.60,42.90,42.40,42.50,5187400
12/14/18,42.70,42.70,42.35,42.50,4443900
12/13/18,42.65,42.70,42.60,42.70,1437900
12/12/18,42.60,42.70,42.50,42.65,2032500
12/11/18,42.65,42.65,42.25,42.50,1303700
12/10/18,42.60,42.75,42.45,42.50,1765100
12/07/18,42.85,42.85,42.65,42.75,2444400
12/06/18,42.55,42.90,42.55,42.85,3324500
12/05/18,42.50,42.75,42.40,42.50,3703600
12/04/18,42.70,42.70,42.50,42.55,3258500
12/03/18,42.55,42.85,42.50,42.70,6843500
11/29/18,42.95,42.95,42.55,42.55,396900
11/28/18,43.10,43.10,42.70,42.95,2818400
11/27/18,43.00,43.05,42.70,43.00,3477900
11/26/18,43.50,43.50,42.65,43.00,3308300
11/23/18,42.50,44.00,42.45,43.05,2117900
11/22/18,42.40,42.55,42.40,42.50,315100
11/21/18,42.55,42.60,42.15,42.50,635100
11/20/18,42.70,42.70,42.00,42.55,756400
11/19/18,42.00,43.00,41.75,42.70,3015100
11/16/18,41.90,42.40,41.90,42.00,1199100
11/15/18,42.00,42.00,41.50,41.90,63300
11/14/18,42.00,42.00,41.90,42.00,1626200
11/13/18,42.00,42.35,41.80,42.00,804400
11/12/18,43.00,43.00,41.40,42.75,1161100
11/09/18,43.00,43.55,42.10,43.00,4425800
11/08/18,42.20,43.00,41.50,43.00,1418700
11/07/18,41.70,42.20,41.50,42.20,1093800
11/06/18,41.90,41.95,41.10,41.80,251900
11/05/18,40.55,41.90,40.55,41.90,1621600
10/31/18,41.00,41.50,40.30,40.55,789700
10/30/18,41.15,41.15,40.50,40.75,353000
10/29/18,42.00,42.00,41.00,41.60,30200
10/26/18,41.85,42.00,40.25,42.00,451100
10/25/18,41.00,41.90,39.90,41.90,293000
10/24/18,42.00,42.00,40.80,41.15,534500
10/23/18,41.95,42.00,41.10,42.00,320100
10/22/18,40.65,42.20,40.65,41.95,102300
10/19/18,40.20,40.70,40.00,40.40,1006400
10/18/18,40.95,40.95,39.60,40.20,1393700
10/17/18,42.30,42.35,40.75,40.95,1448400
10/16/18,42.80,42.90,41.00,41.00,596400
10/15/18,43.00,43.00,42.00,42.00,520600
10/12/18,41.50,43.00,40.50,43.00,200200
10/11/18,42.50,42.50,40.50,40.50,470900
10/10/18,41.45,42.75,41.45,42.00,225600
10/09/18,42.20,42.65,41.05,41.45,1774200
10/08/18,44.80,44.80,42.20,42.20,1387100
10/05/18,45.00,45.00,43.20,44.00,190600
10/04/18,44.00,44.90,43.10,44.90,1054900
10/03/18,43.15,44.00,43.15,44.00,1110900
10/02/18,44.50,45.00,42.55,43.15,1666800
10/01/18,45.70,45.70,44.50,44.50,315400
09/28/18,45.70,45.80,45.00,45.00,172300
09/27/18,44.80,45.70,44.80,45.70,927800
09/26/18,45.00,45.70,44.05,45.70,770300
09/25/18,44.60,45.80,44.00,44.00,3007400
09/24/18,44.80,46.00,44.80,45.85,1031900
09/21/18,44.85,44.85,44.50,44.80,2352300
09/20/18,44.60,45.00,44.50,44.80,1247200
09/19/18,44.25,45.00,43.85,45.00,267700
09/18/18,45.00,45.00,44.05,44.25,173600
09/17/18,45.00,45.00,44.10,45.00,57900
09/14/18,45.00,45.00,44.20,45.00,98500
09/13/18,44.55,45.00,44.55,44.90,26700
09/12/18,45.00,45.00,44.30,45.00,657500
09/11/18,45.00,45.00,44.30,45.00,85200
09/10/18,44.45,45.00,44.10,45.00,2002900
09/07/18,44.70,44.70,44.20,44.45,1022100
09/06/18,44.70,44.80,44.50,44.80,131000
09/05/18,45.00,45.50,44.65,44.80,218700
09/04/18,45.80,46.00,44.50,45.00,868600
09/03/18,46.00,46.05,45.70,45.80,227400
08/31/18,45.95,46.75,45.60,46.00,842200
08/30/18,46.00,46.05,45.60,45.95,803000
08/29/18,45.80,46.10,45.60,46.00,869100
08/28/18,46.50,46.85,46.00,46.00,429900
08/24/18,46.85,46.90,46.00,46.50,389000
08/23/18,46.40,46.95,46.10,46.85,1101400
08/22/18,44.95,46.30,44.95,46.10,598800
08/20/18,44.50,45.00,44.25,44.75,401500
08/17/18,44.80,44.80,44.20,44.25,816100
08/16/18,44.55,44.60,43.95,44.00,5255600
08/15/18,44.50,44.60,43.85,44.10,4385500
08/14/18,45.85,45.85,43.85,44.00,3137000
08/13/18,46.60,46.60,44.40,45.00,1934600
08/10/18,46.90,46.90,45.60,45.60,1952600
08/09/18,46.55,46.90,46.40,46.90,97900
08/08/18,46.50,46.95,46.20,46.55,557900
08/07/18,47.10,47.10,46.50,46.55,814000
08/06/18,46.60,47.10,46.60,47.10,875100
08/03/18,46.00,46.75,46.00,46.50,1184900
08/02/18,46.35,46.50,45.80,46.00,1262400
08/01/18,46.00,46.45,45.50,46.00,842500
07/31/18,45.80,46.10,45.25,45.25,1868200
07/30/18,45.60,46.20,45.60,45.80,361600
07/27/18,45.70,46.00,45.00,45.60,1869900
07/26/18,45.50,46.20,44.85,45.30,1890100
07/25/18,44.70,46.00,44.40,45.60,2698400
07/24/18,45.20,45.20,44.10,44.20,2208200
07/23/18,46.40,46.40,45.10,45.25,1433500
07/20/18,45.95,46.40,45.60,46.40,538600
07/19/18,46.00,46.30,45.50,45.70,127800
07/18/18,45.90,46.20,45.30,46.00,323400
07/17/18,45.30,45.85,45.20,45.20,284200
07/16/18,45.20,45.40,45.10,45.30,302900
07/13/18,45.70,45.80,45.00,45.00,1782000
07/12/18,46.00,46.00,45.00,45.70,1716500
07/11/18,46.10,46.10,45.80,46.00,407600
07/10/18,45.85,46.05,45.85,46.00,970100
07/09/18,46.00,46.00,45.70,45.85,101200
07/06/18,45.80,45.90,45.65,45.90,153000
07/05/18,45.65,46.00,45.60,45.80,357300
07/04/18,46.50,46.50,45.80,46.00,944700
07/03/18,47.00,47.00,46.00,46.00,958600
07/02/18,46.60,47.00,46.10,47.00,174500
06/29/18,47.50,47.50,46.50,46.60,847200
06/28/18,47.00,47.50,46.50,47.30,559400
06/27/18,46.10,47.45,46.10,47.00,809900
06/26/18,47.60,47.60,46.10,46.70,1332200
06/25/18,48.00,48.00,47.00,47.20,441600
06/22/18,47.90,47.90,47.10,47.50,2849700
06/21/18,47.20,47.90,47.20,47.90,259600
06/20/18,47.75,48.20,47.75,47.85,1024300
06/19/18,47.25,47.90,47.20,47.70,1873800
06/18/18,47.95,48.00,47.25,48.00,750800
06/14/18,48.85,48.85,47.20,48.00,755300
06/13/18,48.00,49.00,47.90,48.35,1782600
06/11/18,48.00,48.00,47.50,48.00,302400
06/08/18,47.70,47.95,47.70,47.90,645900
06/07/18,47.50,47.75,47.15,47.70,455800
06/06/18,47.00,47.60,47.00,47.50,400800
06/05/18,47.00,47.50,46.60,47.50,117100
06/04/18,47.00,47.10,46.75,47.00,997600
06/01/18,46.90,47.00,46.10,46.75,233700
05/31/18,47.00,47.00,46.35,46.70,434400
05/30/18,46.85,47.50,46.60,47.00,979000
05/29/18,47.30,47.70,46.70,47.50,204300
05/28/18,47.00,47.50,46.95,47.50,135600
05/25/18,46.95,47.70,46.85,47.70,397100
05/24/18,47.50,47.65,46.80,46.95,745200
05/23/18,47.65,47.70,47.00,47.70,842300
05/22/18,47.60,47.90,47.50,47.65,579200
05/21/18,47.00,47.90,47.00,47.80,417100
05/18/18,47.50,47.90,46.00,47.90,401900
05/17/18,47.90,47.90,47.35,47.55,224800
05/16/18,47.80,47.80,46.00,47.50,201100
05/15/18,46.25,48.00,46.00,47.50,1101700
05/11/18,46.00,46.75,46.00,46.60,213000
05/10/18,45.80,46.95,45.80,46.15,681800
05/09/18,47.00,47.00,46.00,46.60,207900
05/08/18,46.95,47.00,46.10,47.00,187200
05/07/18,45.85,46.95,45.70,46.95,451800
05/04/18,46.00,46.10,45.70,45.85,894000
05/03/18,46.50,46.50,45.60,46.00,25400600
05/02/18,47.30,47.50,46.40,47.00,385000
04/30/18,47.30,47.50,47.20,47.40,691800
04/27/18,47.40,48.10,47.10,47.50,3572400
04/26/18,47.00,47.55,46.55,47.40,1000500
04/25/18,47.50,47.90,45.90,47.00,2203300
04/24/18,47.50,48.20,47.10,48.00,4530800
04/23/18,48.20,48.20,47.05,47.95,975900
04/20/18,47.05,48.45,47.05,48.00,1608800
04/19/18,48.05,48.05,47.00,47.95,2769500
04/18/18,47.95,48.25,46.80,48.05,9110700
04/17/18,51.40,51.40,46.10,47.20,14369700
04/16/18,51.75,53.00,51.50,51.95,1664310
04/13/18,53.00,53.00,52.30,52.75,1177570
04/12/18,52.20,53.00,51.95,53.00,1331290
04/11/18,52.00,52.10,51.65,51.95,1240860
04/10/18,52.00,52.10,51.30,52.00,594310
04/06/18,52.00,52.05,51.25,52.00,225640
04/05/18,52.25,52.30,51.25,52.00,480450
04/04/18,52.00,52.25,51.50,52.00,1621580
04/03/18,51.55,52.25,51.55,51.60,455270
04/02/18,52.50,52.90,51.10,52.90,94020
03/28/18,53.00,53.00,51.95,52.45,1515900
03/27/18,52.50,52.50,50.60,52.20,1110430
03/26/18,52.75,52.75,50.10,52.00,481040
03/23/18,53.00,53.00,52.45,52.80,891740
03/22/18,52.60,53.25,52.25,53.00,1562070
03/21/18,53.00,53.70,52.20,52.60,1417380
03/20/18,53.45,53.45,52.80,53.00,1342690
03/19/18,53.30,53.45,53.15,53.35,1003330
03/16/18,53.10,53.30,52.85,53.00,2332650
03/15/18,53.85,53.85,53.00,53.15,631040
03/14/18,54.00,54.00,53.10,53.10,846200
03/13/18,53.90,54.00,53.50,53.80,1728770
03/12/18,53.95,53.95,53.60,53.85,997450
03/09/18,53.95,53.95,53.15,53.25,327490
03/08/18,52.80,53.95,52.80,53.95,2034420
03/07/18,53.15,53.20,52.00,52.75,987410
03/06/18,52.10,53.60,52.10,53.15,3427480
03/05/18,52.20,52.30,51.65,52.00,442410
03/02/18,52.20,52.50,51.40,52.20,1662830
03/01/18,51.50,52.70,51.50,52.20,1515300
02/28/18,50.45,52.15,50.00,51.90,1361730
02/27/18,49.50,51.45,49.50,51.05,2126500
02/26/18,49.00,50.25,48.85,49.50,2719300
02/23/18,50.40,50.50,49.00,49.00,2253430
02/22/18,51.15,51.50,50.40,50.50,2108940
02/21/18,51.00,51.50,50.95,51.00,542100
02/20/18,51.00,51.10,50.80,51.00,647260
02/19/18,51.00,51.35,50.95,51.00,2935430
02/15/18,51.00,51.00,50.50,51.00,161120
02/14/18,50.30,51.00,50.00,50.95,1656100
02/13/18,50.50,50.50,49.95,50.20,2284430
02/12/18,50.10,50.75,50.00,50.00,754150
02/09/18,50.00,50.80,49.50,50.10,1264380
02/08/18,52.90,52.90,50.00,50.80,2050110
02/07/18,51.35,52.90,51.35,51.35,863260
02/06/18,51.55,51.55,50.50,51.35,3277980
02/05/18,52.85,52.85,51.00,52.50,567770
02/02/18,53.00,53.80,52.85,53.00,1030760
02/01/18,54.30,54.50,52.50,53.00,1198150
01/31/18,53.70,53.70,52.30,53.30,918860
01/30/18,54.00,54.00,52.90,53.75,902170
01/29/18,53.95,54.00,53.60,54.00,185200
01/26/18,53.95,54.15,53.70,54.00,2660330
01/25/18,53.95,55.00,53.90,53.95,2572130
01/24/18,54.00,54.40,53.70,53.95,991950
01/23/18,54.00,54.00,53.70,53.95,1792520
01/22/18,53.10,54.00,52.30,54.00,1214070
01/19/18,53.75,54.00,53.05,53.10,1569050
01/18/18,54.00,54.00,53.40,53.75,2081180
01/17/18,54.00,54.20,53.50,53.85,2301430
01/16/18,54.00,54.15,53.70,53.75,2083610
01/15/18,53.55,55.05,53.55,54.00,2040270
01/12/18,53.60,54.25,53.00,53.50,1052430
01/11/18,53.80,53.95,53.30,53.65,3193320
01/10/18,53.80,53.90,53.00,53.80,2089210
01/09/18,50.50,54.00,50.50,53.95,4550440
01/08/18,49.60,50.35,49.60,50.35,2112900
01/05/18,49.05,50.00,49.05,49.50,1182800
01/04/18,49.30,50.00,49.30,49.35,3206800
01/03/18,50.10,50.50,49.25,49.25,4104220
12/29/17,50.60,50.80,50.00,50.00,2194920
12/28/17,51.00,51.10,49.80,50.60,145080
12/27/17,49.70,51.20,49.60,51.00,585000
12/22/17,50.20,50.20,49.70,49.70,182400
12/21/17,49.50,50.10,49.50,50.00,962100
12/20/17,50.25,50.50,49.50,49.50,1128700
12/19/17,49.50,50.10,49.50,50.10,639300
12/18/17,49.20,49.55,49.20,49.50,716800
12/15/17,49.10,49.55,49.10,49.20,1555000
12/14/17,50.05,50.05,49.05,49.60,723790
12/13/17,50.00,50.25,49.75,50.05,789240
12/12/17,50.50,50.50,49.50,50.00,165970
12/11/17,49.40,50.50,49.30,50.50,598600
12/08/17,49.30,49.40,49.20,49.30,1459100
12/07/17,49.30,49.45,48.60,49.30,756500
12/06/17,49.00,49.40,48.15,49.30,1391300
12/05/17,48.00,49.20,47.95,49.20,2344900
12/04/17,47.95,48.25,47.60,48.00,7274700
12/01/17,49.05,49.10,47.95,48.00,406600
11/29/17,48.55,49.80,48.55,49.00,9752000
11/28/17,49.20,49.40,48.40,48.40,1138600
11/27/17,48.05,49.30,48.05,49.20,406800
11/24/17,48.05,48.15,47.95,48.05,2188600
11/23/17,47.40,48.25,47.40,48.05,1316300
11/22/17,49.05,49.05,47.05,47.30,2879200
11/21/17,47.75,49.05,47.25,49.05,5116300
11/20/17,47.85,48.00,47.50,47.65,1494800
11/17/17,49.30,49.30,47.30,47.85,6516200
11/16/17,48.65,50.00,48.50,49.50,3031600
11/15/17,49.00,49.00,48.10,48.60,7122300
11/14/17,51.00,51.00,48.95,49.10,4067050
11/13/17,50.95,51.00,50.55,50.80,2804940
11/10/17,50.85,51.00,50.60,50.95,766160
11/09/17,51.00,51.65,50.85,50.90,1751770
11/08/17,51.25,51.30,51.00,51.10,1659140
11/07/17,51.40,52.00,51.15,51.25,564360
11/06/17,52.00,52.00,51.10,51.40,1729840
11/03/17,52.00,52.00,51.10,51.10,2759630
11/02/17,51.00,52.10,51.00,52.00,3216960
10/30/17,51.55,51.70,50.70,51.00,3438160
10/27/17,50.35,51.70,50.35,51.00,1869530
10/26/17,51.00,51.20,50.00,50.40,2763980
10/25/17,51.00,51.20,50.85,50.95,3289530
10/24/17,50.85,51.10,50.80,51.00,2136900
10/23/17,50.90,51.50,50.55,50.85,844700
10/20/17,51.75,51.75,50.90,50.90,2620460
10/19/17,51.60,51.90,51.20,51.75,1300800
10/18/17,52.20,52.35,51.20,51.60,2063430
10/17/17,52.80,53.75,52.15,52.20,2246450
10/13/17,52.60,53.60,52.50,52.80,2927150
10/12/17,53.80,54.80,52.10,52.70,3603350
10/11/17,53.95,54.00,53.10,53.80,1834700
10/10/17,54.15,55.10,53.75,53.95,2047320
10/09/17,54.50,54.50,53.90,53.90,1734120
10/06/17,54.90,54.90,54.30,54.55,1543040
10/05/17,54.90,55.00,53.80,54.00,2579990
10/04/17,54.90,55.10,53.95,54.90,2390750
10/03/17,53.00,54.90,52.35,54.90,3698510
10/02/17,52.50,53.00,52.20,52.50,1251380
09/29/17,52.50,52.55,52.00,52.15,1231790
09/28/17,51.00,52.40,50.80,51.95,3387790
09/27/17,50.40,51.70,49.70,51.70,1954320
09/26/17,51.00,51.00,49.00,50.20,2200930
09/25/17,52.50,52.50,51.00,51.00,1483120
09/22/17,53.60,53.90,52.50,52.50,601500
09/21/17,52.45,53.80,52.40,53.50,2348460
09/20/17,51.00,52.45,51.00,52.00,1505080
09/19/17,51.60,51.60,50.85,51.00,1019470
09/18/17,51.25,51.50,50.80,51.50,1635110
09/15/17,51.60,51.60,50.90,51.25,1533930
09/14/17,51.75,51.90,51.20,51.65,3095310
09/13/17,51.70,52.00,51.20,51.70,2053190
09/11/17,51.10,52.00,51.10,51.70,1551210
09/08/17,51.80,52.80,51.05,51.15,1947510
09/07/17,48.95,51.20,48.95,50.50,6448100
09/06/17,48.50,48.90,48.00,48.90,1595800
09/05/17,48.20,48.55,47.60,48.55,1669000
09/04/17,48.05,48.50,48.05,48.20,979700
08/31/17,48.30,48.40,47.90,48.05,205900
08/30/17,48.00,48.60,48.00,48.30,3625600
08/29/17,47.95,48.05,47.70,47.95,1814300
08/25/17,48.10,48.10,47.80,48.00,307800
08/24/17,47.90,48.00,47.80,48.00,1429300
08/23/17,47.40,48.00,47.40,47.90,518200
08/22/17,48.20,48.30,46.90,47.90,762600
08/18/17,47.95,48.20,47.50,48.00,1386400
08/17/17,48.00,48.50,47.80,48.05,1833000
08/16/17,47.20,48.15,47.00,48.15,3853500
08/15/17,47.20,47.25,47.00,47.20,2998000
08/14/17,47.00,47.20,46.90,47.00,3616100
08/11/17,46.85,47.20,46.50,47.10,2000900
08/10/17,46.95,47.00,46.90,47.00,2619300
08/09/17,47.10,47.15,46.60,47.00,2056300
08/08/17,46.90,47.20,46.90,47.00,769200
08/07/17,47.00,47.05,46.40,47.00,1041700
08/04/17,47.10,47.20,46.50,47.00,3007200
08/03/17,47.10,47.10,46.90,47.10,679300
08/02/17,47.10,47.20,46.50,47.00,3674500
08/01/17,47.00,47.20,46.90,47.20,220300
07/31/17,47.20,47.20,46.85,47.15,728400
07/28/17,47.20,47.35,47.00,47.20,1272900
07/27/17,46.00,47.75,46.00,47.30,1874700
07/26/17,46.00,46.65,45.90,46.00,403100
07/25/17,45.70,46.10,45.70,46.00,358400
07/24/17,46.50,46.50,45.70,45.70,402500
07/21/17,46.50,47.00,46.00,46.50,1023000
07/20/17,47.20,47.30,46.40,46.50,845200
07/19/17,47.00,47.90,46.90,47.20,1997200
07/18/17,46.85,47.30,46.05,46.90,1419000
07/17/17,46.30,46.90,46.30,46.80,699200
07/14/17,46.30,46.60,46.05,46.30,753400
07/13/17,46.00,47.25,46.00,46.95,1570400
07/12/17,46.40,46.50,45.90,45.90,1224000
07/11/17,46.40,46.80,45.90,46.15,2422200
07/10/17,45.20,46.50,45.10,46.40,4063400
07/07/17,45.40,45.50,45.10,45.15,571600
07/06/17,44.50,45.40,44.50,45.40,852300
07/05/17,44.80,45.00,44.70,44.95,192200
07/04/17,44.50,45.00,44.10,45.00,624200
07/03/17,44.50,45.00,44.25,45.00,264200
06/30/17,45.00,45.00,44.00,44.55,1955600
06/29/17,45.10,45.20,44.90,45.00,2093800
06/28/17,45.00,45.20,44.75,45.20,2469000
06/27/17,45.20,45.25,44.80,45.00,1724600
06/23/17,45.15,45.15,45.00,45.10,835400
06/22/17,45.30,45.50,44.95,45.00,1865300
06/21/17,45.45,45.45,45.20,45.30,2029400
06/20/17,45.45,45.50,45.10,45.40,842700
06/19/17,45.00,45.85,45.00,45.40,1798500
06/16/17,45.80,45.80,45.00,45.00,1261200
06/15/17,45.20,45.80,45.00,45.80,3043900
06/14/17,44.70,45.00,44.25,44.80,2034400
06/13/17,44.40,44.90,44.30,44.70,873000
06/09/17,44.05,44.80,44.05,44.50,1325900
06/08/17,44.90,45.80,43.60,44.00,5348200
06/07/17,44.50,44.95,44.50,44.90,233000
06/06/17,44.80,45.30,44.50,44.50,1743800
06/05/17,44.70,45.20,44.70,44.80,2773100
06/02/17,45.25,46.05,44.70,44.70,4970100
06/01/17,43.40,45.25,43.00,45.20,4049500
05/31/17,42.80,43.50,42.80,43.25,1105800
05/30/17,43.20,43.20,42.65,42.80,2870600
05/29/17,43.30,43.40,42.65,43.00,1264100
05/26/17,43.40,44.00,43.20,43.30,2651100
05/25/17,43.35,43.35,42.95,43.10,3782800
05/24/17,42.80,43.50,42.50,43.10,226200
05/23/17,43.00,43.10,42.85,43.00,4514400
05/22/17,43.35,44.00,43.05,43.05,1848100
05/19/17,43.30,43.55,43.05,43.35,1373900
05/18/17,43.30,43.60,42.95,43.50,738400
05/17/17,43.50,44.00,43.10,43.30,869400
05/16/17,43.00,44.40,43.00,43.60,1327900
05/15/17,42.95,43.20,42.80,42.95,906800
05/12/17,42.80,43.00,42.50,42.95,1488600
05/11/17,43.60,43.60,42.50,42.55,2931100
05/10/17,43.85,43.95,43.40,43.60,4760900
05/09/17,44.00,44.50,43.70,43.85,1541300
05/08/17,43.80,44.60,43.55,43.70,4243200
05/05/17,43.40,44.10,43.25,43.80,3655100
05/04/17,43.00,43.40,42.70,43.40,1394700
05/03/17,43.25,43.25,42.90,43.00,1853300
05/02/17,41.70,43.25,41.65,43.25,2587700
04/27/17,41.80,42.05,41.70,41.70,1049700
04/26/17,41.80,42.35,41.75,42.00,1029000
04/25/17,42.00,42.25,41.70,41.70,1959700
04/24/17,41.75,42.05,41.75,42.00,572500
04/21/17,42.00,42.10,41.50,41.75,1467000
04/20/17,42.20,42.25,41.15,42.00,3248600
04/19/17,42.90,42.90,41.75,42.20,1227200
04/18/17,42.50,42.90,42.35,42.80,4669400
04/17/17,42.40,42.50,41.90,42.50,1451000
04/12/17,42.20,42.45,41.90,42.20,3903000
04/11/17,43.45,43.65,42.05,42.05,2864600
04/10/17,43.75,43.75,43.25,43.40,2238100
04/07/17,43.85,44.00,43.15,43.60,3997800
04/06/17,43.75,43.90,43.30,43.85,3032600
04/05/17,44.70,44.90,43.50,43.55,4176000
04/04/17,44.80,44.80,44.00,44.15,3089500
04/03/17,43.90,44.30,43.70,44.00,1901400
03/31/17,43.50,43.90,43.50,43.70,1437400
03/30/17,43.70,44.15,43.35,43.35,1411300
03/29/17,43.60,43.95,43.50,43.75,1237900
03/28/17,43.80,44.85,43.00,43.60,1364200
03/27/17,43.80,44.05,43.70,43.80,1465000
03/24/17,43.90,44.00,43.40,43.80,2316300
03/23/17,44.00,44.95,43.90,44.00,1350000
03/22/17,45.00,45.05,43.90,44.00,6118900
03/21/17,45.00,45.25,45.00,45.05,2849500
03/20/17,45.75,45.80,44.60,45.20,1399000
03/17/17,45.20,45.80,45.00,45.80,1270700
03/16/17,45.75,45.80,44.95,45.00,5721700
03/15/17,45.55,46.10,45.40,45.65,5719100
03/14/17,45.30,45.50,44.60,45.50,6687400
03/13/17,45.00,45.00,44.15,45.00,9908300
03/10/17,45.00,45.25,44.50,45.00,27080600
03/09/17,43.65,45.15,43.60,45.00,6455400
03/08/17,44.20,44.20,42.90,43.60,9241300
03/07/17,45.10,45.30,44.20,44.50,2295700
03/06/17,45.50,46.00,45.05,45.05,9986600
03/03/17,46.00,46.00,45.45,45.50,1884700
03/02/17,46.10,46.30,45.80,46.00,1564700
03/01/17,46.05,46.40,46.00,46.10,5741400
02/28/17,46.30,46.40,46.00,46.00,4081900
02/27/17,46.20,46.70,46.00,46.30,2432400
02/24/17,46.20,46.50,45.95,46.20,3023800
02/23/17,46.20,46.90,46.20,46.20,6118600
02/22/17,44.90,47.30,44.35,46.00,22017301
02/21/17,45.00,45.00,44.30,44.40,1298300
02/20/17,44.45,45.05,44.45,44.90,7474000
02/17/17,44.85,44.85,44.50,44.50,417800
02/16/17,44.45,44.85,44.20,44.85,724100
02/15/17,44.05,45.00,44.00,44.45,2010000
02/14/17,44.00,44.45,43.90,44.05,1739200
02/13/17,44.20,44.20,43.90,44.00,1699700
02/10/17,44.20,44.50,44.15,44.20,445400
02/09/17,44.65,44.75,44.00,44.20,117200
02/08/17,44.80,45.50,44.55,44.65,3648300
02/07/17,43.85,45.00,43.85,44.80,1629800
02/06/17,44.00,44.00,43.50,43.85,1092600
02/03/17,43.50,43.80,43.40,43.50,1183600
02/02/17,43.35,44.05,43.00,43.00,4354600
02/01/17,43.05,43.80,43.05,43.30,471200
01/31/17,43.75,44.20,43.05,43.20,2218800
01/30/17,44.25,44.75,43.10,43.75,475500
01/27/17,44.25,45.00,44.25,44.25,1363500
01/26/17,42.95,44.80,42.90,44.25,4108700
01/25/17,43.00,43.15,42.00,42.00,1198900
01/24/17,43.00,43.20,42.80,43.00,2216800
01/23/17,41.90,43.50,41.90,43.00,2109300
01/20/17,40.35,42.10,40.25,41.90,1542200
01/19/17,40.00,40.05,39.50,39.50,1060800
01/18/17,39.00,40.00,39.00,40.00,1362200
01/17/17,40.10,40.15,39.00,39.00,3299200
01/16/17,40.80,40.95,40.00,40.10,329500
01/13/17,40.90,41.10,39.60,40.80,2496900
01/12/17,41.30,41.30,40.40,40.90,1087400
01/11/17,40.90,41.55,40.80,41.55,541600
01/10/17,40.60,41.35,40.00,40.90,1791000
01/09/17,41.00,41.00,40.50,40.85,421400
01/06/17,40.20,41.20,39.90,41.00,1347400
01/05/17,39.35,40.00,38.95,39.50,3660300
01/04/17,38.85,39.50,38.85,39.30,991800
01/03/17,39.50,39.50,38.50,38.85,1324100
12/29/16,38.15,39.00,38.00,39.00,1070200
12/28/16,37.80,38.15,37.40,38.00,1193800
12/27/16,36.80,37.75,36.80,37.40,279200
12/23/16,36.50,36.95,36.00,36.00,472700
12/22/16,36.95,38.70,36.00,36.00,2742200
12/21/16,36.50,37.80,36.50,36.95,633300
12/20/16,37.75,37.90,36.80,37.05,2268500
12/19/16,38.00,38.40,37.30,37.75,2107300
12/16/16,39.00,39.05,38.00,38.00,1866700
12/15/16,39.65,39.65,38.90,39.60,420400
12/14/16,39.10,39.10,38.60,38.85,310000
12/13/16,39.70,39.70,38.70,39.00,1023900
12/12/16,39.90,39.90,39.00,39.70,154700
12/09/16,38.75,39.05,38.70,39.00,1224200
12/08/16,38.60,39.80,38.60,38.60,1327700
12/07/16,38.70,39.00,38.50,38.50,314700
12/06/16,39.50,39.50,38.50,38.50,590600
12/05/16,39.80,39.80,38.80,39.00,1523800
12/02/16,40.00,40.00,38.80,39.70,1402800
12/01/16,39.10,40.00,39.10,40.00,376700
11/29/16,39.10,39.40,38.95,39.05,307600
11/28/16,39.30,39.95,39.10,39.95,126900
11/25/16,38.90,40.00,38.90,39.30,1655200
11/24/16,39.25,40.50,38.50,40.00,1586600
11/23/16,39.55,40.00,39.50,39.50,329000
11/22/16,40.00,40.00,39.50,39.50,460800
11/21/16,40.20,40.20,39.90,40.00,2136600
11/18/16,40.00,40.05,39.90,40.00,3904500
11/17/16,39.80,40.50,39.50,39.80,4346000
11/16/16,40.85,40.95,39.05,39.05,2870000
11/15/16,41.60,41.60,40.45,40.90,2330100
11/14/16,43.15,43.15,41.20,41.70,7365300
11/11/16,43.00,43.50,42.00,43.10,2214300
11/10/16,41.15,44.00,41.10,44.00,3795300
11/09/16,41.25,41.50,40.45,41.15,1604700
11/08/16,40.50,41.20,40.30,41.20,2349700
11/07/16,40.55,40.60,39.95,39.95,698000
11/04/16,39.25,40.00,39.25,39.40,898900
11/03/16,39.85,39.85,39.10,39.25,787800
11/02/16,40.75,40.75,39.85,39.85,832400
10/28/16,42.00,42.00,40.75,40.75,994300
10/27/16,42.05,42.05,41.50,42.00,648200
10/26/16,43.00,43.00,42.05,42.05,199500
10/25/16,43.30,43.30,42.00,43.05,1293900
10/24/16,43.50,43.90,43.00,43.30,803000
10/21/16,43.10,43.40,43.00,43.10,1680700
10/20/16,42.80,43.10,42.60,43.10,2843800
10/19/16,41.10,42.70,41.10,42.55,3250900
10/18/16,40.90,41.30,40.75,41.00,2735300
10/17/16,41.20,41.50,41.00,41.00,981200
10/14/16,40.40,41.50,40.40,41.00,707500
10/13/16,42.15,42.15,40.40,40.40,603200
10/12/16,42.30,42.30,40.95,40.95,2085700
10/11/16,41.70,43.00,41.70,42.20,205500
10/10/16,42.00,42.00,41.65,41.70,358300
10/07/16,42.35,42.65,41.75,42.00,316800
10/06/16,42.75,43.50,42.65,42.65,1020400
10/05/16,43.55,43.55,42.75,42.75,1035400
10/04/16,43.15,43.50,43.15,43.50,1482400
10/03/16,43.00,43.25,42.50,43.15,465200
09/30/16,43.35,43.35,42.50,42.50,2029300
09/29/16,41.90,43.40,41.90,43.35,443400
09/28/16,43.00,43.50,41.65,41.65,2357400
09/27/16,43.70,43.80,42.85,42.90,972600
09/26/16,43.95,44.00,43.75,43.80,1799700
09/23/16,44.00,44.15,43.95,43.95,2931600
09/22/16,44.10,44.50,43.90,44.00,5844500
09/21/16,44.00,44.50,44.00,44.05,1843500
09/20/16,44.00,44.20,43.95,44.00,1029200
09/19/16,44.95,44.95,43.90,44.00,4197100
09/16/16,44.10,44.95,43.95,44.95,1591700
09/15/16,43.95,44.85,43.80,44.10,1133400
09/14/16,44.00,44.20,43.70,44.00,4504500
09/13/16,44.00,44.45,43.70,44.00,2844600
09/09/16,44.10,44.10,43.90,44.00,4556000
09/08/16,44.85,44.85,43.90,44.20,5790200
09/07/16,45.00,45.00,44.50,44.85,2094200
09/06/16,45.15,45.15,44.70,44.95,528200
09/05/16,44.55,45.60,44.55,45.15,1298900
09/02/16,44.50,44.60,44.25,44.50,1144600
09/01/16,44.95,45.00,44.50,44.60,622600
08/31/16,44.95,45.50,44.85,44.90,1029700
08/30/16,44.90,45.30,44.90,45.00,1260400
08/26/16,44.80,45.00,44.80,44.90,11673600
08/25/16,45.10,45.30,44.90,45.10,3407200
08/24/16,45.25,45.35,45.00,45.15,3000200
08/23/16,45.75,45.75,45.10,45.20,2527800
08/22/16,45.50,45.85,45.50,45.60,4791200
08/19/16,45.90,46.00,45.25,45.40,749000
08/18/16,46.10,46.50,45.00,45.00,3072100
08/17/16,44.70,46.40,44.70,46.00,1371600
08/16/16,44.45,45.50,44.40,44.70,1484200
08/15/16,44.90,45.40,44.20,44.35,1783200
08/12/16,45.35,46.00,44.10,44.10,4259200
08/11/16,47.80,48.00,44.85,45.20,5939800
08/10/16,48.30,48.45,47.80,47.90,779700
08/09/16,48.70,48.70,48.05,48.30,977200
08/08/16,47.25,49.25,47.25,48.75,1508400
08/05/16,47.00,47.40,47.00,47.20,1016600
08/04/16,46.75,48.20,46.70,47.50,665800
08/03/16,47.85,47.85,46.75,46.75,1266300
08/02/16,48.20,48.80,47.75,48.00,810200
08/01/16,48.85,48.85,47.80,48.00,2130100
07/29/16,48.35,48.35,47.00,48.00,3991400
07/28/16,48.55,48.70,47.00,48.35,1654500
07/27/16,48.25,48.65,48.20,48.50,1625600
07/26/16,49.00,49.20,48.00,48.20,2454500
07/25/16,48.60,49.80,48.55,49.20,3147600
07/22/16,48.10,48.75,48.05,48.55,6652200
07/21/16,47.90,48.75,47.75,48.10,3313400
07/20/16,46.20,47.85,46.20,47.85,4127000
07/19/16,45.90,46.80,45.60,46.20,4803100
07/18/16,45.90,45.90,45.50,45.90,1361500
07/15/16,46.40,46.85,45.10,45.95,1832500
07/14/16,46.60,46.70,45.35,46.00,1464700
07/13/16,46.20,46.85,46.00,46.60,3742000
07/12/16,45.60,46.35,45.60,46.20,4846700
07/11/16,45.00,45.65,44.95,45.55,2819100
07/08/16,44.40,45.50,44.40,44.90,3808800
07/07/16,42.80,45.00,42.70,44.35,6565200
07/05/16,42.50,43.00,42.10,42.80,707900
07/04/16,42.80,42.80,42.50,42.65,708000
07/01/16,42.15,43.15,42.15,42.50,2026400
06/30/16,42.00,42.60,42.00,42.15,1931000
06/29/16,41.90,42.20,41.45,42.00,2244700
06/28/16,42.45,42.45,41.65,41.90,1568400
06/27/16,41.50,41.85,40.30,41.85,1033900
06/24/16,42.50,42.50,40.95,41.50,2486600
06/23/16,43.00,43.00,42.25,42.50,2679600
06/22/16,42.75,43.00,41.75,43.00,3000300
06/21/16,42.80,42.95,42.60,42.75,2809400
06/20/16,43.00,43.10,41.65,42.60,1537100
06/17/16,41.45,43.40,41.35,43.40,2173300
06/16/16,41.10,41.85,41.10,41.35,1554200
06/15/16,41.30,41.90,41.00,41.00,1535900
06/14/16,42.05,42.05,40.90,41.30,1503100
06/13/16,42.30,42.50,41.00,42.10,4199200
06/10/16,43.00,43.15,42.10,42.30,17936900
06/09/16,42.85,42.95,42.25,42.40,1835400
06/08/16,42.65,43.15,42.10,43.15,4718800
06/07/16,42.60,42.90,42.10,42.70,3982700
06/06/16,42.05,42.65,41.95,42.55,1852400
06/03/16,42.00,42.10,41.90,42.05,2270900
06/02/16,41.95,42.10,41.90,42.00,891800
06/01/16,42.00,42.10,41.50,41.90,4644800
05/31/16,42.20,42.20,41.50,42.00,329400
05/30/16,41.95,42.20,41.80,42.20,424200
05/27/16,41.40,41.95,40.90,41.95,1761900
05/26/16,41.95,42.00,41.05,41.50,2927900
05/25/16,41.70,42.00,41.55,41.90,4391400
05/24/16,40.50,41.55,40.50,41.55,416700
05/23/16,41.65,41.70,40.50,40.50,2950000
05/20/16,41.85,41.90,41.65,41.70,910600
05/19/16,41.85,42.00,41.65,41.90,4747900
05/18/16,41.95,42.00,41.65,41.80,7032800
05/17/16,42.00,42.30,41.80,41.95,4549300
05/16/16,42.00,42.20,42.00,42.00,6008800
05/13/16,42.00,42.60,41.90,42.10,8529400
05/12/16,42.50,42.55,42.00,42.10,7653500
05/11/16,41.00,42.90,41.00,42.90,10896300
05/10/16,39.90,41.45,39.55,41.00,4510300
05/06/16,39.10,40.00,38.50,39.95,4561400
05/05/16,38.20,39.65,38.20,39.10,4501400
05/04/16,39.10,39.10,38.00,38.10,4592800
05/03/16,39.20,39.80,38.70,39.30,1336800
05/02/16,40.15,40.15,38.50,39.25,1426400
04/29/16,40.80,40.80,40.10,40.20,5030000
04/28/16,40.50,41.20,40.35,40.80,2103500
04/27/16,40.50,41.20,40.25,41.00,5286900
04/26/16,40.85,41.00,40.25,40.55,3334900
04/25/16,41.30,41.30,40.00,40.40,2534600
04/22/16,41.20,41.80,40.85,41.30,1537000
04/21/16,41.55,41.70,40.00,41.20,4106100
04/20/16,41.00,42.00,40.95,41.50,4744800
04/19/16,40.30,41.00,40.30,40.75,5095100
04/18/16,40.05,40.50,39.50,40.30,5788100
04/15/16,41.00,41.15,40.05,40.05,4409000
04/14/16,39.40,41.00,39.20,41.00,9240800
04/13/16,39.70,39.75,38.80,39.40,2382900
04/12/16,39.45,40.00,39.00,39.70,3694300
04/11/16,39.00,39.90,38.40,39.50,4584500
04/08/16,37.20,39.15,36.95,39.10,5282000
04/07/16,37.10,37.45,37.00,37.20,1327100
04/06/16,37.05,37.10,36.80,37.00,4530900
04/05/16,36.35,37.30,36.30,37.00,9028800
04/04/16,36.30,36.55,36.00,36.35,2191600
04/01/16,36.60,36.60,36.35,36.45,520400
03/31/16,36.70,36.80,36.25,36.40,1535500
03/30/16,37.00,37.20,36.70,36.90,1722100
03/29/16,37.00,37.20,36.70,37.00,2496800
03/28/16,37.00,37.05,36.90,36.95,2236800
03/23/16,36.30,37.50,35.85,37.00,1793300
03/22/16,37.00,37.10,36.00,36.40,1181500
03/21/16,37.70,37.70,36.00,37.00,2055200
03/18/16,37.55,37.80,37.55,37.65,3659300
03/17/16,36.40,37.60,36.40,37.55,4206100
03/16/16,37.05,37.05,36.20,36.40,2050200
03/15/16,37.60,37.65,36.85,37.05,3938700
03/14/16,37.00,37.75,37.00,37.60,4911500
03/11/16,36.00,36.95,35.95,36.95,3771800
03/10/16,35.30,36.20,35.30,35.95,6571300
03/09/16,34.00,35.20,33.85,35.00,7279000
03/08/16,34.00,34.00,33.70,34.00,531400
03/07/16,33.90,34.40,33.80,33.90,1310400
03/04/16,33.50,34.00,33.40,33.80,5365400
03/03/16,33.40,34.00,33.30,33.30,1821900
03/02/16,34.15,34.20,33.35,33.35,2218600
03/01/16,34.00,34.00,33.80,34.00,5928900
02/29/16,34.00,34.10,33.70,34.00,2144100
02/26/16,33.60,34.10,33.60,33.75,2018300
02/24/16,34.20,34.30,33.60,33.60,3723500
02/23/16,34.15,34.50,34.15,34.20,1222700
02/22/16,34.15,34.25,34.10,34.15,651600
02/19/16,34.50,34.50,33.90,34.10,1125900
02/18/16,34.30,34.70,34.30,34.50,3381600
02/17/16,33.80,34.40,33.80,34.20,6973800
02/16/16,33.30,33.80,33.30,33.70,182800
02/15/16,33.20,33.70,33.20,33.30,960900
02/12/16,33.30,33.40,33.15,33.15,572500
02/11/16,33.30,33.85,33.20,33.30,641600
02/10/16,33.05,33.35,33.05,33.15,2585200
02/09/16,33.50,33.65,33.10,33.40,556400
02/05/16,33.95,33.95,33.30,33.85,1487900
02/04/16,33.50,33.95,33.50,33.65,414400
02/03/16,33.80,33.80,33.00,33.50,1036000
02/02/16,33.80,33.95,33.80,33.85,1198800
02/01/16,33.75,33.85,33.50,33.80,1686800
01/29/16,33.20,33.75,33.00,33.00,1485000
01/28/16,33.60,33.60,32.80,33.10,953600
01/27/16,33.20,33.70,33.20,33.60,963000
01/26/16,33.05,33.10,32.70,33.05,1032300
01/25/16,33.00,33.30,32.90,33.05,521000
01/22/16,33.45,33.80,32.80,32.85,446900
01/21/16,33.70,33.70,33.35,33.50,1545100
01/20/16,33.35,34.30,33.35,33.70,1065500
01/19/16,32.30,33.50,32.30,33.35,368000
01/18/16,31.00,33.50,31.00,32.30,2166300
01/15/16,31.90,32.10,31.90,31.95,809800
01/14/16,32.00,32.00,31.80,31.80,645900
01/13/16,31.35,32.20,31.35,32.00,1362700
01/12/16,30.50,32.00,30.50,30.75,1929200
01/11/16,32.80,33.00,30.40,30.50,4166200
01/08/16,33.30,33.30,32.80,33.00,2274400
01/07/16,33.70,33.75,33.40,33.45,1355600
01/06/16,33.70,33.80,33.60,33.65,776500
01/05/16,34.10,34.10,33.50,33.80,399900
01/04/16,34.70,34.70,34.20,34.20,898300
12/29/15,34.55,34.70,34.35,34.70,1771300
12/28/15,34.70,34.70,34.20,34.30,1140300
12/23/15,34.30,34.70,34.00,34.70,1332500
12/22/15,34.30,34.35,34.00,34.30,886200
12/21/15,34.30,34.45,34.20,34.30,765100
12/18/15,34.25,34.40,34.00,34.20,813100
12/17/15,33.55,34.40,33.55,34.25,1541600
12/16/15,33.60,33.65,33.45,33.55,1064700
12/15/15,33.55,33.90,33.40,33.45,324000
12/14/15,33.75,33.75,33.10,33.40,562300
12/11/15,34.00,34.10,33.60,33.75,150900
12/10/15,33.95,34.00,33.90,34.00,9728800
12/09/15,34.00,34.10,33.90,34.00,3288600
12/08/15,33.85,34.25,33.35,34.00,1967800
12/07/15,33.20,34.70,33.20,33.85,1210800
12/04/15,34.00,34.00,33.20,33.30,4906500
12/03/15,34.35,34.50,33.30,33.30,94100
12/02/15,34.70,34.70,34.20,34.20,110600
12/01/15,34.70,34.95,34.65,34.70,10807100
11/27/15,34.75,34.75,34.20,34.40,189600
11/26/15,34.70,34.80,34.40,34.55,2819800
11/25/15,34.30,34.70,34.25,34.55,3919100
11/24/15,34.10,34.40,34.00,34.30,457000
11/23/15,32.75,34.50,32.75,34.05,4569300
11/20/15,32.05,33.00,32.05,32.55,1373600
11/17/15,31.30,32.05,31.20,31.75,4036700
11/16/15,31.80,32.00,31.25,31.30,1471800
11/13/15,33.05,33.15,31.25,31.25,2138400
11/12/15,33.90,33.90,33.00,33.10,2104900
11/11/15,34.50,34.65,34.00,34.00,1058700
11/10/15,34.65,34.65,34.00,34.50,168100
11/09/15,35.10,35.15,34.30,34.75,1188400
11/06/15,35.40,35.40,35.00,35.15,2156600
11/05/15,36.00,36.00,35.10,35.10,1761300
11/04/15,36.50,36.50,35.85,36.00,1069800
11/03/15,36.00,36.20,35.85,35.90,4409700
11/02/15,36.00,36.25,36.00,36.05,2271200
10/30/15,35.95,36.05,35.90,36.00,2371900
10/29/15,36.00,36.10,35.90,35.95,2213600
10/28/15,36.25,36.25,35.90,36.00,1470900
10/27/15,36.30,36.50,35.80,36.20,562800
10/26/15,36.20,36.50,36.10,36.25,4840600
10/23/15,35.90,36.25,35.90,35.95,2657200
10/22/15,35.20,36.00,34.90,35.95,1066900
10/21/15,35.00,35.50,35.00,35.15,5422400
10/20/15,33.55,35.50,33.55,34.80,4280000
10/19/15,33.40,33.65,33.30,33.55,2891200
10/16/15,33.50,33.75,32.80,32.80,1686200
10/15/15,33.45,33.70,33.30,33.40,2386000
10/14/15,33.40,33.55,32.90,33.40,2076600
10/13/15,33.20,33.50,33.15,33.45,1298000
10/12/15,32.80,33.20,32.65,33.10,694400
10/09/15,32.50,32.80,32.50,32.65,1693300
10/08/15,32.30,32.65,32.15,32.30,2351200
10/07/15,32.30,32.50,32.00,32.00,1603700
10/06/15,31.80,32.40,31.80,32.05,1997500
10/05/15,31.65,32.00,31.60,31.70,490000
10/02/15,31.30,31.80,31.30,31.50,785700
10/01/15,31.00,31.45,31.00,31.15,1531800
09/30/15,31.60,31.70,31.00,31.00,1713900
09/29/15,31.50,31.70,31.10,31.50,602700
09/28/15,31.20,32.00,31.20,31.50,595900
09/24/15,31.00,31.10,30.60,30.80,1377200
09/23/15,31.20,31.65,30.50,30.80,1830900
09/22/15,31.60,31.90,31.30,31.30,1960000
09/21/15,31.85,31.90,31.55,31.80,320500
09/18/15,32.15,32.20,31.65,31.65,1113900
09/17/15,32.15,32.30,31.90,32.00,3921500
09/16/15,32.50,32.50,32.00,32.15,520300
09/15/15,32.20,32.45,31.75,31.95,2331200
09/14/15,32.00,32.00,31.30,32.00,2029300
09/11/15,31.60,32.00,31.20,31.30,3053100
09/10/15,31.70,31.95,31.05,31.10,2144300
09/09/15,32.90,33.00,31.60,31.70,4127400
09/08/15,32.70,32.90,32.30,32.60,3713400
09/07/15,32.85,32.85,31.70,32.00,2081600
09/04/15,32.75,32.90,32.30,32.40,2605400
09/03/15,31.90,32.60,31.90,32.50,1439100
09/02/15,31.50,31.90,30.90,31.50,868000
09/01/15,32.05,32.20,31.60,32.00,2986100
08/28/15,32.00,32.40,31.50,31.70,1977600
08/27/15,31.40,32.20,31.05,31.30,2698000
08/26/15,31.10,32.00,30.50,30.70,4384300
08/25/15,30.00,31.50,30.00,30.60,2711800
08/24/15,33.10,33.10,29.80,30.00,8270000
08/20/15,34.05,34.30,33.90,33.95,1590000
08/19/15,34.05,34.20,33.80,34.00,3479600
08/18/15,35.35,35.60,34.20,34.20,2805700
08/17/15,36.35,36.40,35.50,35.50,1061600
08/14/15,36.50,37.00,36.00,36.35,724400
08/13/15,37.50,37.70,36.40,36.50,1869100
08/12/15,37.85,38.10,37.05,37.75,4005000
08/11/15,37.80,37.90,37.20,37.85,1340200
08/10/15,37.90,38.05,37.40,37.75,1123100
08/07/15,38.40,38.40,37.30,37.85,843000
08/06/15,38.00,38.35,38.00,38.00,3827900
08/05/15,36.95,38.35,36.95,38.00,4634300
08/04/15,36.90,36.95,36.80,36.85,677900
08/03/15,37.05,37.30,36.80,36.90,1526200
07/31/15,37.30,37.35,36.90,37.00,1415000
07/30/15,37.35,37.65,37.15,37.30,3090200
07/29/15,37.15,37.60,37.15,37.35,1846000
07/28/15,37.70,37.70,37.05,37.10,1167500
07/27/15,37.05,37.85,37.05,37.50,1829400
07/24/15,37.80,37.80,37.00,37.50,712200
07/23/15,36.50,37.90,36.40,37.80,2148400
07/22/15,36.50,36.50,36.10,36.20,2981900
07/21/15,36.00,36.25,35.90,36.00,2072500
07/20/15,36.00,36.20,35.90,36.00,958200
07/16/15,35.75,36.00,35.75,35.80,2682500
07/15/15,36.00,36.90,35.50,35.50,3691300
07/14/15,36.05,36.90,36.00,36.00,2264300
07/13/15,36.00,36.00,35.85,36.00,2157200
07/10/15,36.05,36.15,35.80,36.00,2692000
07/09/15,35.90,36.15,35.50,36.00,1611900
07/08/15,36.50,36.50,36.00,36.00,3738500
07/07/15,36.50,36.55,36.30,36.50,895600
07/06/15,37.00,37.10,36.50,36.50,166500
07/03/15,37.20,37.25,36.95,37.05,67300
07/02/15,37.00,37.35,37.00,37.20,229200
07/01/15,37.00,37.20,36.80,37.00,392000
06/30/15,37.00,37.15,36.85,37.00,3595000
06/29/15,37.15,37.20,36.50,37.00,1914000
06/26/15,36.60,37.15,36.60,37.15,1276100
06/25/15,37.20,37.25,36.50,36.50,1591900
06/24/15,37.10,37.50,37.00,37.20,621400
06/23/15,38.00,38.40,36.90,37.10,2707300
06/22/15,38.35,38.35,37.40,38.00,2180700
06/19/15,38.00,38.25,37.90,38.00,5200900
06/18/15,37.80,38.30,37.80,38.05,4062000
06/17/15,37.50,37.85,37.50,37.80,3915200
06/16/15,37.45,37.80,36.95,37.50,1223700
06/15/15,37.05,37.05,36.80,36.95,4921100
06/11/15,36.30,37.50,36.30,37.00,2920200
06/10/15,35.75,36.40,35.75,36.25,412300
06/09/15,37.80,37.90,35.80,35.90,3138700
06/08/15,38.00,38.00,37.80,37.90,292900
06/05/15,38.00,38.10,37.95,38.00,1227800
06/04/15,37.95,38.40,37.80,38.00,2871700
06/03/15,38.60,38.60,37.10,37.25,3263000
06/02/15,38.80,38.80,38.40,38.65,1760800
06/01/15,38.50,38.95,38.00,38.80,299400
05/29/15,38.40,38.40,37.95,38.00,3182600
05/28/15,37.65,38.50,37.60,38.40,1433300
05/27/15,38.35,38.35,37.30,37.90,3870600
05/26/15,38.75,38.80,38.25,38.35,2101800
05/25/15,39.00,39.70,38.75,38.75,1377100
05/22/15,39.75,39.75,38.85,39.00,3344300
05/21/15,39.70,40.60,39.65,39.65,3737200
05/20/15,40.50,40.50,39.70,39.70,4736800
05/19/15,40.90,40.90,40.20,40.50,934800
05/18/15,39.95,41.00,39.95,40.90,4796300
05/15/15,39.65,39.95,39.55,39.85,919400
05/14/15,39.70,40.00,39.50,39.95,2133400
05/13/15,39.45,39.90,39.45,39.65,156400
05/12/15,39.00,40.00,39.00,39.45,3453700
05/11/15,39.60,39.60,38.90,38.95,4071000
05/08/15,39.80,39.95,39.55,39.55,1909500
05/07/15,40.55,40.55,39.50,39.90,3941000
05/06/15,40.30,41.10,39.85,40.90,4291800
05/05/15,39.35,41.10,39.35,40.30,4842900
05/04/15,39.70,39.80,39.20,39.20,2193100
04/30/15,40.25,40.50,39.70,39.70,3967500
04/29/15,40.45,40.45,40.20,40.25,2396900
04/28/15,40.50,40.85,40.20,40.60,871100
04/27/15,40.35,41.00,40.25,40.50,2484600
04/24/15,39.90,40.50,39.50,40.10,3644700
04/23/15,39.50,39.70,39.00,39.50,1047000
04/22/15,39.50,39.50,39.20,39.45,406100
04/21/15,39.00,39.30,39.00,39.30,1996800
04/20/15,39.95,39.95,38.70,39.00,5508500
04/17/15,40.05,40.65,39.30,39.30,1783800
04/16/15,39.50,40.20,39.25,40.05,2140500
04/15/15,39.50,39.50,38.80,39.05,2614600
04/14/15,40.00,40.50,39.45,39.50,2552100
04/13/15,40.95,40.95,39.85,39.95,2632700
04/10/15,40.80,41.50,40.60,40.95,1566500
04/08/15,41.50,41.60,40.60,40.80,812000
04/07/15,41.40,41.50,40.50,41.50,1357000
04/06/15,41.40,42.00,41.35,41.45,2773900
04/01/15,41.60,41.70,41.30,41.40,1509700
03/31/15,41.45,42.00,40.70,41.55,2477000
03/30/15,41.00,41.70,41.00,41.45,2367200
03/27/15,41.40,41.75,40.10,41.00,1078100
03/26/15,40.40,41.95,40.40,41.40,2425800
03/25/15,39.85,40.85,39.85,40.50,4134700
03/24/15,40.40,40.40,39.80,40.05,5312500
03/23/15,40.50,40.70,39.90,40.20,2195000
03/20/15,40.10,40.85,40.05,40.20,1843400
03/19/15,40.15,40.70,39.85,40.10,5494600
03/18/15,40.75,40.90,39.85,40.20,1688700
03/17/15,41.00,41.00,40.10,40.75,1311600
03/16/15,41.55,41.55,41.00,41.00,1453900
03/13/15,41.50,42.00,41.50,41.75,1981500
03/12/15,41.30,41.50,40.90,41.00,5667500
03/11/15,41.80,42.00,41.10,41.20,3916500
03/10/15,41.15,42.00,41.10,42.00,6398600
03/09/15,40.75,40.75,39.65,40.70,1677100
03/06/15,41.00,41.00,40.30,40.80,1106700
03/05/15,41.15,41.20,40.50,41.00,1664500
03/04/15,40.45,41.20,40.45,41.15,3344400
03/03/15,39.25,40.45,39.25,40.45,4999900
03/02/15,39.60,39.90,38.80,39.35,10736400
02/27/15,39.00,39.75,38.00,39.40,6901200
02/26/15,39.80,39.85,38.70,38.70,7991800
02/25/15,40.35,40.55,39.20,39.90,9735300
02/24/15,41.25,41.25,40.10,40.35,6808700
02/23/15,41.70,41.70,41.25,41.25,1227700
02/20/15,41.80,41.95,41.70,41.80,1751600
02/18/15,41.80,41.85,41.70,41.80,894000
02/17/15,41.80,41.85,41.70,41.80,1057600
02/16/15,42.00,42.35,41.70,41.80,2855100
02/13/15,41.90,42.60,41.90,42.35,1634400
02/12/15,42.40,42.40,41.80,41.85,2556300
02/11/15,42.65,42.85,42.30,42.45,1381000
02/10/15,43.00,43.30,42.35,42.70,1172200
02/09/15,42.75,43.20,42.15,42.80,1851300
02/06/15,42.05,43.00,42.05,42.75,1408800
02/05/15,42.30,43.20,41.90,42.00,6176800
02/04/15,42.00,42.35,41.70,41.95,4673800
02/03/15,41.50,41.95,41.45,41.80,1061200
02/02/15,42.00,42.20,41.20,41.50,1306100
01/30/15,41.20,42.55,41.20,42.00,6937800
01/29/15,41.20,42.00,40.85,41.20,1764200
01/28/15,41.10,42.10,40.80,41.20,2468100
01/27/15,39.70,41.50,39.70,41.10,2899600
01/26/15,40.50,40.50,39.30,40.00,2545100
01/23/15,40.00,40.90,40.00,40.00,4821200
01/22/15,39.90,40.20,39.50,39.50,7888500
01/21/15,40.55,41.00,39.80,39.90,8082600
01/20/15,41.35,42.00,40.40,40.50,8611700
01/19/15,42.50,42.50,41.15,41.50,1292100
01/14/15,43.00,43.95,42.75,42.80,4870200
01/13/15,42.00,43.50,41.75,43.00,4164200
01/12/15,42.00,42.05,41.10,42.00,1108900
01/09/15,41.40,42.50,41.25,42.00,9464600
01/08/15,40.20,41.40,40.10,41.40,6824000
01/07/15,38.55,41.10,38.00,40.00,5637800
01/06/15,38.50,38.70,37.70,38.55,2394800
01/05/15,38.55,39.10,38.55,38.95,822600
12/29/14,39.15,39.20,38.55,38.55,301300
12/23/14,39.50,39.50,38.90,39.00,2518500
12/22/14,38.10,39.50,38.10,39.50,1385700
12/19/14,37.70,38.35,37.70,38.10,762600
12/18/14,37.50,38.00,36.80,37.45,2142600
12/17/14,38.20,38.20,36.90,37.00,3638400
12/16/14,38.70,38.70,38.00,38.20,1626500
12/15/14,38.30,38.90,37.90,38.70,2283200
12/12/14,36.80,38.50,36.80,38.45,1820400
12/11/14,37.40,37.40,36.50,36.50,4549900
12/10/14,38.60,38.90,37.50,37.50,6539300
12/09/14,38.80,38.90,38.30,38.60,4258900
12/05/14,40.00,40.00,38.50,38.80,4381400
12/04/14,39.50,41.00,39.50,39.90,2759800
12/03/14,39.40,40.20,39.25,40.00,5615700
12/02/14,39.50,39.60,39.15,39.30,1374000
12/01/14,38.20,39.70,38.20,39.50,3074000
11/28/14,38.50,38.60,38.15,38.20,2455400
11/27/14,38.90,39.10,37.50,38.50,8680200
11/26/14,38.75,39.70,38.60,39.05,4684900
11/25/14,37.15,38.95,37.10,38.80,9468800
11/24/14,37.00,37.25,36.95,37.15,713500
11/21/14,37.15,37.25,37.00,37.00,1237900
11/20/14,37.00,37.35,37.00,37.15,1692500
11/19/14,36.50,37.25,36.50,37.00,7031800
11/18/14,35.85,36.80,35.20,36.80,5421100
11/17/14,35.15,36.00,35.15,35.90,3158700
11/14/14,36.00,36.00,35.05,35.15,2823400
11/13/14,35.85,36.15,35.85,36.00,1369400
11/12/14,36.00,36.20,35.80,35.85,4678100
11/11/14,36.30,36.30,35.80,36.00,1811000
11/10/14,36.00,36.70,35.60,36.30,3115600
11/07/14,36.70,36.80,35.80,36.00,2908100
11/06/14,36.20,36.80,36.20,36.70,6854300
11/05/14,35.10,36.25,35.10,36.15,10969900
11/04/14,34.95,35.60,34.70,34.70,1879300
11/03/14,34.60,35.30,34.60,35.00,2553000
10/31/14,33.90,34.80,33.90,34.60,2437400
10/30/14,33.60,34.00,33.20,33.90,3077500
10/29/14,32.60,34.20,32.60,33.75,3648700
10/28/14,33.80,33.80,32.50,32.50,2959300
10/27/14,34.00,34.45,33.30,33.85,1759500
10/24/14,33.05,34.30,33.05,33.95,3301400
10/23/14,31.95,33.15,31.85,33.00,1782500
10/22/14,31.85,32.40,31.80,31.85,3414200
10/21/14,32.00,32.50,31.45,31.50,1797500
10/20/14,33.00,33.00,31.80,31.90,2271700
10/17/14,32.95,33.10,32.55,32.70,2182000
10/16/14,32.10,32.95,32.05,32.90,2035200
10/15/14,33.10,33.45,32.90,33.30,1146700
10/14/14,32.25,33.00,32.10,33.00,992500
10/13/14,32.30,32.65,32.30,32.30,2231000
10/10/14,33.00,33.00,32.50,32.65,2363400
10/09/14,33.05,33.30,32.95,33.00,1629600
10/08/14,33.40,33.40,32.75,33.05,3559200
10/07/14,33.75,33.90,33.45,33.45,2689700
10/03/14,33.30,33.85,33.30,33.75,3462300
10/02/14,34.80,34.80,33.15,33.20,3152400
10/01/14,34.70,34.90,34.55,34.80,1961000
09/30/14,34.90,34.90,34.65,34.70,338200
09/29/14,34.70,34.90,34.60,34.90,2247400
09/26/14,34.60,35.10,34.30,34.95,1522100
09/25/14,34.90,35.20,34.35,34.60,3454800
09/24/14,34.80,35.00,34.55,34.90,612500
09/23/14,35.30,35.40,34.40,34.80,4257100
09/22/14,35.65,35.65,35.35,35.40,1032900
09/18/14,35.55,35.85,35.00,35.65,1933300
09/17/14,34.90,35.65,34.90,35.55,6723100
09/16/14,33.75,35.50,33.75,34.70,10862200
09/15/14,33.50,33.70,33.25,33.70,5644300
09/12/14,33.05,33.95,32.90,33.50,4385300
09/11/14,32.50,33.40,32.50,33.10,5614000
09/10/14,33.20,33.70,32.20,32.20,15895700
09/09/14,34.15,34.30,33.00,33.15,17676500
09/08/14,35.00,35.10,34.30,34.40,8139800
09/05/14,35.15,35.20,34.75,34.75,7583100
09/04/14,35.85,35.85,34.75,34.75,5990000
09/03/14,36.20,36.20,35.65,35.80,3569300
09/02/14,36.15,36.60,36.00,36.15,1600700
09/01/14,36.20,36.20,35.80,36.20,1239300
08/29/14,36.50,36.60,35.65,36.20,2682200
08/28/14,34.75,36.60,34.75,36.60,8299400
08/27/14,34.85,35.00,34.40,34.75,5042900
08/26/14,35.15,35.40,34.70,34.70,3992300
08/22/14,34.30,35.60,34.30,34.95,6438600
08/20/14,34.60,34.85,34.10,34.10,10442100
08/19/14,34.50,35.30,34.00,34.20,12385500
08/18/14,36.40,36.40,33.35,34.25,28993900
08/15/14,39.50,39.50,35.55,36.05,28232699
08/14/14,42.00,42.15,39.00,39.50,11494400
08/13/14,41.90,42.45,41.90,42.00,3428200
08/12/14,42.10,42.20,41.75,41.90,2493300
08/11/14,41.85,42.20,41.80,42.05,179500
08/08/14,42.00,42.00,41.80,41.85,1866700
08/07/14,42.15,42.30,42.00,42.10,626400
08/06/14,42.00,42.50,42.00,42.00,1649900
08/05/14,42.15,42.15,41.85,42.05,4327500
08/04/14,41.70,42.35,41.70,42.05,1586800
08/01/14,41.90,42.30,41.50,42.00,1081500
07/31/14,42.80,43.30,42.00,42.15,1266200
07/30/14,42.30,43.00,42.30,43.00,1148000
07/28/14,42.50,42.50,42.20,42.30,416000
07/25/14,42.90,43.20,42.65,42.80,518100
07/24/14,43.15,43.60,42.90,42.90,308900
07/23/14,42.70,43.50,42.70,43.20,896700
07/22/14,42.60,43.60,42.15,42.60,1604300
07/21/14,41.50,42.60,41.50,42.10,2003400
07/18/14,42.10,42.10,41.40,41.50,4818300
07/17/14,42.10,42.45,41.90,42.25,4221900
07/15/14,42.80,42.80,42.05,42.05,1776200
07/14/14,43.70,43.70,42.50,42.75,3442400
07/11/14,43.80,43.85,43.60,43.70,1027600
07/10/14,44.00,44.30,43.80,43.85,913500
07/09/14,44.45,44.45,43.55,43.55,788100
07/08/14,45.75,45.75,44.40,44.50,1435100
07/07/14,45.50,46.05,45.20,45.75,2129000
07/04/14,44.80,45.65,44.75,45.50,2171100
07/03/14,43.65,44.80,43.60,44.80,6035900
07/02/14,43.50,43.75,43.40,43.55,630600
07/01/14,43.50,43.60,43.40,43.40,626800
06/30/14,43.70,43.90,43.05,43.40,2997600
06/27/14,43.00,43.10,42.70,43.00,2118800
06/26/14,42.95,42.95,42.45,42.45,3388500
06/25/14,42.60,43.20,42.40,43.00,1625800
06/24/14,42.60,42.85,42.40,42.40,1573000
06/23/14,43.05,43.55,42.55,42.60,2243500
06/20/14,43.20,43.20,42.85,43.10,1243500
06/19/14,42.95,43.20,42.90,43.10,590800
06/18/14,43.30,43.30,42.50,42.95,2443000
06/17/14,43.30,43.65,43.15,43.30,1830600
06/16/14,42.00,43.75,42.00,43.25,5358900
06/13/14,42.00,42.65,41.85,42.00,2221300
06/11/14,42.10,42.10,41.60,41.65,3973300
06/10/14,43.10,43.10,41.90,42.05,4154200
06/09/14,43.60,43.60,43.15,43.25,3717200
06/06/14,43.90,44.00,43.50,43.65,1527100
06/05/14,42.80,43.90,42.60,43.80,3268900
06/04/14,41.70,43.00,41.55,42.50,1806800
06/03/14,41.45,42.05,41.30,41.50,2453000
06/02/14,42.00,42.00,41.30,41.45,1062800
05/30/14,41.60,42.20,41.20,41.80,2930800
05/29/14,43.00,43.20,40.90,41.40,5155200
05/28/14,42.90,43.60,42.90,43.30,5481200
05/27/14,41.30,42.85,41.25,42.65,3256500
05/26/14,41.10,41.20,40.55,41.10,5478700
05/23/14,42.20,42.20,40.50,41.10,3899000
05/22/14,42.00,42.20,40.10,41.95,14128200
05/21/14,42.45,42.70,41.60,41.60,4642100
05/20/14,42.25,43.20,42.25,42.45,6774300
05/19/14,43.90,44.20,42.10,42.25,9976100
05/16/14,46.45,46.45,43.05,43.90,15217700
05/15/14,48.20,48.35,46.40,46.50,4505800
05/14/14,48.00,48.45,47.90,48.15,2761300
05/13/14,45.95,48.50,45.85,48.00,27335301
05/12/14,46.00,46.50,45.85,46.00,2854700
05/09/14,46.15,46.25,45.85,46.00,1717800
05/08/14,45.75,45.85,45.60,45.75,1756500
05/07/14,46.20,46.20,45.50,45.55,1560900
05/06/14,46.00,46.00,45.60,46.00,1900300
05/05/14,46.00,46.00,45.50,46.00,959700
05/02/14,46.00,46.35,45.80,46.00,1304400
04/30/14,45.75,46.65,45.55,45.95,3252100
04/29/14,45.20,45.95,44.65,45.80,1824800
04/28/14,45.00,45.30,45.00,45.20,1608900
04/25/14,45.30,45.30,44.50,45.00,4052600
04/24/14,45.40,45.70,45.20,45.30,1231700
04/23/14,45.90,46.10,45.30,45.40,874600
04/22/14,45.50,46.20,45.40,45.90,1936600
04/21/14,44.75,45.70,44.70,45.10,1028600
04/16/14,44.45,44.75,44.40,44.65,2962900
04/15/14,45.00,45.00,44.35,44.35,2203300
04/14/14,45.00,45.00,44.50,44.60,2679200
04/11/14,44.45,45.00,44.45,44.60,4184800
04/10/14,45.20,45.70,44.30,44.35,5501500
04/08/14,45.50,45.50,44.90,45.10,4114400
04/07/14,45.70,46.30,45.00,45.50,3955900
04/04/14,46.50,47.00,45.55,45.55,2040600
04/03/14,45.80,46.50,45.20,46.50,2361600
04/02/14,44.00,46.10,44.00,45.75,6288200
04/01/14,44.05,44.20,43.90,44.00,2531700
03/31/14,44.50,44.50,43.95,44.00,2901700
03/28/14,43.95,44.00,43.75,43.95,3371600
03/27/14,44.00,44.50,43.60,43.95,2979900
03/26/14,44.90,44.90,43.80,44.00,3442300
03/25/14,44.50,44.95,44.30,44.90,1995700
03/24/14,44.00,45.00,44.00,44.30,834000
03/21/14,44.20,44.20,43.80,44.00,3250300
03/20/14,45.00,45.00,43.90,44.00,1974100
03/19/14,45.20,45.60,45.15,45.50,1335200
03/18/14,45.60,46.00,45.00,45.20,1043000
03/17/14,45.60,46.00,45.30,45.60,691000
03/14/14,45.40,45.80,44.90,45.70,376200
03/13/14,44.30,45.60,44.30,45.40,2193100
03/12/14,44.85,44.85,44.20,44.35,1208600
03/11/14,45.05,45.05,44.65,44.85,1880800
03/10/14,44.95,45.30,44.95,45.05,487200
03/07/14,45.05,45.60,44.80,44.95,859500
03/06/14,45.20,46.00,45.00,45.00,2473700
03/05/14,46.00,46.60,45.00,45.15,2073900
03/04/14,45.70,45.70,45.00,45.55,3120600
03/03/14,46.50,46.50,45.60,45.75,4195300
02/28/14,45.50,46.70,45.50,46.70,3034400
02/27/14,45.15,45.55,45.00,45.50,1762500
02/26/14,44.65,45.70,44.30,45.20,3193100
02/25/14,45.00,45.05,44.20,44.60,5116700
02/24/14,43.65,45.30,43.65,45.00,3864800
02/21/14,44.25,44.30,43.50,43.70,4741400
02/20/14,43.40,44.60,42.35,44.50,4155800
02/19/14,42.50,43.90,42.00,43.80,1574600
02/18/14,42.45,43.15,41.70,41.70,1871900
02/17/14,41.10,43.00,41.10,42.65,3531500
02/14/14,41.50,41.50,41.00,41.10,1144900
02/13/14,41.40,41.45,41.05,41.10,1853200
02/12/14,41.20,41.55,41.15,41.40,2531900
02/11/14,40.20,41.35,40.00,41.05,2762100
02/10/14,39.20,40.30,39.20,40.20,2548600
02/07/14,39.10,39.50,39.00,39.00,1325400
02/06/14,38.65,39.10,38.65,39.00,3277100
02/05/14,38.30,38.80,38.30,38.65,5586300
02/04/14,38.20,38.50,37.90,38.30,3451900
02/03/14,38.50,38.80,38.25,38.40,1841200
01/30/14,38.30,38.65,38.10,38.50,2018800
01/29/14,38.65,39.00,38.65,38.80,4179400
01/28/14,38.70,38.80,38.50,38.65,790500
01/27/14,39.00,39.50,38.65,39.00,1836700
01/24/14,39.50,39.80,39.50,39.60,810400
01/23/14,39.55,40.50,39.50,39.50,1808600
01/22/14,39.10,39.60,39.10,39.55,1154000
01/21/14,38.80,39.20,38.75,39.10,1562900
01/20/14,39.00,39.10,38.85,38.85,2102600
01/17/14,39.00,39.10,38.80,39.00,2100300
01/16/14,39.00,39.15,39.00,39.00,2891600
01/15/14,38.55,39.00,38.10,38.85,367600
01/14/14,39.00,39.10,38.30,38.90,1611000
01/13/14,38.70,39.45,38.55,39.00,2890300
01/10/14,39.10,39.10,38.45,38.70,2853700
01/09/14,39.50,39.50,39.00,39.15,975100
01/08/14,39.20,39.30,39.05,39.20,3844900
01/07/14,39.00,39.30,38.85,39.10,1545300
01/06/14,39.50,39.80,38.90,39.00,2009400
01/03/14,39.00,39.50,38.50,39.20,2875500
01/02/14,37.95,39.00,37.95,39.00,1518600
12/27/13,38.50,38.50,37.85,37.90,772500
12/26/13,37.65,38.50,37.65,38.50,958600
12/23/13,37.40,37.60,36.70,37.30,3688200
12/20/13,37.50,37.50,36.60,36.65,11811100
12/19/13,37.10,37.95,36.80,37.00,6500300
12/18/13,37.45,37.45,36.00,36.70,7481900
12/17/13,38.00,38.40,37.20,37.20,6633300
12/16/13,37.85,38.35,37.60,37.70,1785200
12/13/13,37.60,38.40,37.20,37.75,6204500
12/12/13,38.95,38.95,37.55,37.55,9734700
12/11/13,39.50,39.60,38.85,38.95,5788500
12/10/13,40.95,41.50,38.90,39.50,6019400
12/09/13,40.50,41.00,40.50,40.90,3226300
12/06/13,41.45,41.65,40.45,40.50,3457300
12/05/13,40.70,41.75,40.70,41.60,3602100
12/04/13,41.00,41.30,40.60,40.75,2025000
12/03/13,42.20,42.30,41.60,42.00,3760900
12/02/13,42.15,42.50,40.90,41.45,404700
11/29/13,41.70,43.00,41.70,42.15,6262300
11/28/13,42.30,43.45,42.00,43.45,886800
11/27/13,41.10,42.30,41.00,41.90,5743500
11/26/13,40.95,41.40,40.30,40.80,3472000
11/25/13,40.90,41.20,40.80,40.95,2339500
11/22/13,41.00,42.00,40.70,40.80,6860200
11/21/13,41.85,42.50,40.70,41.00,3152900
11/20/13,41.75,42.90,41.25,41.85,7648800
11/19/13,41.80,41.80,40.00,41.50,9185200
11/18/13,42.50,42.50,41.60,41.85,7200500
11/15/13,44.50,44.65,42.65,42.70,9059700
11/14/13,45.00,45.00,44.50,44.50,2202100
11/13/13,45.00,45.00,44.75,44.85,1171900
11/12/13,45.00,45.45,44.80,45.00,4409000
11/11/13,45.00,45.20,43.80,45.00,2003800
11/08/13,46.10,46.10,43.70,45.00,1995500
11/07/13,45.85,46.20,45.60,46.20,2415700
11/06/13,45.90,46.20,45.45,45.85,4168900
11/05/13,46.00,46.15,45.60,45.85,2646100
11/04/13,45.10,46.00,45.10,45.75,4356600
10/31/13,45.00,46.10,45.00,45.10,2282700
10/30/13,45.20,45.55,44.80,45.00,2792100
10/29/13,45.70,46.15,44.90,45.20,3169300
10/25/13,45.80,46.00,45.00,45.50,1673200
10/24/13,46.05,46.10,45.85,45.85,4238200
10/23/13,46.20,46.50,45.90,45.95,1947500
10/22/13,46.50,46.85,46.20,46.40,2442500
10/21/13,46.50,46.85,46.25,46.30,2016100
10/18/13,46.35,47.00,45.70,46.50,1662600
10/17/13,46.50,46.95,45.75,46.35,1729200
10/16/13,46.00,46.50,45.60,46.00,9403400
10/14/13,46.40,46.40,45.20,45.50,2263200
10/11/13,46.50,47.50,46.30,46.45,4923000
10/10/13,44.50,46.40,44.35,46.40,5913700
10/09/13,45.00,45.25,44.00,44.50,6721300
10/08/13,46.00,46.20,44.90,45.35,3871700
10/07/13,45.20,46.60,45.10,46.00,5419200
10/04/13,43.50,45.25,43.05,45.20,7654200
10/03/13,43.05,43.90,42.10,43.75,3117200
10/02/13,42.00,43.00,41.40,42.80,3149100
10/01/13,41.30,41.70,40.50,41.70,1024500
09/30/13,41.35,41.80,40.90,41.70,2123500
09/27/13,40.55,41.95,40.55,41.95,3789800
09/26/13,40.85,41.45,39.50,40.50,2441600
09/25/13,41.00,41.00,40.50,40.85,1135100
09/24/13,40.95,41.75,40.95,41.20,1670400
09/23/13,41.75,41.80,40.60,40.95,2676300
09/20/13,42.00,42.25,41.50,41.85,2681700
09/19/13,41.50,42.10,41.50,42.10,5963600
09/18/13,40.65,41.10,40.50,40.60,4914700
09/17/13,40.25,41.25,40.25,40.60,3558900
09/16/13,39.50,40.55,39.50,40.25,4896100
09/13/13,39.10,39.40,38.45,39.05,3263200
09/12/13,39.25,39.55,39.00,39.40,3101100
09/11/13,39.25,39.80,39.00,39.10,1302800
09/10/13,39.30,40.05,39.20,39.20,2002800
09/09/13,38.65,39.30,38.65,39.25,964400
09/06/13,39.00,39.05,38.00,38.60,362600
09/05/13,38.00,39.55,38.00,39.00,4555800
09/04/13,39.30,39.30,37.90,38.25,1346100
09/03/13,39.40,39.50,39.10,39.35,597100
09/02/13,38.65,39.80,38.50,39.30,1598500
08/30/13,39.25,39.30,38.15,38.60,3543200
08/29/13,36.30,39.30,36.30,39.30,2335400
08/28/13,37.00,37.00,35.50,36.30,5407300
08/27/13,38.05,38.05,37.05,37.50,3202700
08/23/13,38.20,38.55,37.70,38.05,5025300
08/22/13,38.40,38.40,37.05,38.15,8654100
08/16/13,40.20,40.20,39.00,39.30,4124600
08/15/13,41.70,41.70,40.20,40.20,2741300
08/14/13,41.10,41.90,41.10,41.70,5169700
08/13/13,40.70,41.75,40.60,40.60,3289600
08/12/13,39.90,40.50,39.90,40.50,2802000
08/08/13,40.10,40.10,39.85,39.90,1243100
08/07/13,40.35,40.35,39.50,39.95,2512300
08/06/13,40.50,40.50,40.15,40.40,5447100
08/05/13,40.50,40.80,40.35,40.40,1671800
08/02/13,41.30,41.50,40.50,40.50,1736900
08/01/13,41.00,41.35,40.90,41.30,4326000
07/31/13,40.90,40.95,40.35,40.95,2201400
07/30/13,40.20,40.95,40.05,40.95,1012900
07/29/13,40.20,40.50,39.90,40.05,953400
07/26/13,40.65,40.65,39.80,40.10,2367000
07/25/13,40.50,40.80,40.35,40.65,6228300
07/24/13,39.95,41.00,39.80,41.00,7148200
07/23/13,39.00,40.00,38.95,39.95,2535800
07/22/13,39.00,39.20,38.50,38.50,2310400
07/19/13,39.00,39.30,38.30,38.90,3178200
07/18/13,38.30,39.30,38.30,38.95,4310500
07/17/13,38.50,38.50,37.55,38.30,1487300
07/16/13,37.60,39.50,37.60,38.40,3686600
07/15/13,37.70,38.10,37.00,37.55,780900
07/12/13,37.70,38.00,37.00,37.60,5212300
07/11/13,35.65,37.65,35.55,37.50,5016300
07/10/13,35.50,36.20,35.30,35.50,6687300
07/09/13,35.80,36.00,35.00,35.15,3075900
07/08/13,36.50,36.90,35.00,35.40,1904800
07/05/13,36.75,37.00,36.35,36.35,852400
07/04/13,36.55,36.75,36.45,36.50,2984600
07/03/13,36.40,36.70,36.40,36.45,2763500
07/02/13,36.45,37.10,36.00,36.40,4181100
07/01/13,36.50,36.70,36.00,36.40,1032000
06/28/13,36.50,36.85,35.95,36.30,3471300
06/27/13,35.70,37.10,35.70,36.20,9451500
06/26/13,34.00,35.70,34.00,35.50,6603700
06/25/13,34.50,35.50,32.30,33.75,8210700
06/24/13,36.00,36.30,34.30,34.60,1878200
06/21/13,35.50,37.20,34.60,36.00,2255000
06/20/13,36.70,37.20,35.85,36.20,2047400
06/19/13,37.50,37.80,36.80,37.70,8997100
06/18/13,36.05,37.50,36.05,37.50,7571700
06/17/13,34.90,36.25,34.50,35.90,3142400
06/14/13,34.20,35.50,34.20,34.90,3743900
06/13/13,35.70,35.70,32.60,33.90,8824700
06/11/13,38.40,38.40,35.95,36.30,5467100
06/10/13,38.50,38.90,38.15,38.45,7975600
06/07/13,37.05,38.30,36.95,38.05,6300100
06/06/13,36.10,37.05,34.80,37.00,4560400
06/05/13,35.65,36.80,35.60,36.05,5760300
06/04/13,36.50,36.55,34.90,35.60,24695500
06/03/13,35.65,36.40,35.65,36.00,22167199
05/31/13,38.00,38.00,34.50,34.50,26664500
05/29/13,39.50,40.00,39.00,39.10,2989200
05/28/13,39.50,39.50,38.60,38.70,3678800
05/27/13,39.85,39.90,38.95,39.50,2459000
05/24/13,40.35,40.40,39.85,39.85,4167600
05/23/13,40.50,40.60,39.85,40.30,3832900
05/22/13,40.00,40.85,40.00,40.00,4937300
05/21/13,40.25,40.25,40.00,40.15,2512200
05/20/13,39.85,40.40,39.85,40.25,1660200
05/17/13,40.25,40.40,39.55,39.85,2193100
05/16/13,40.80,40.80,39.70,40.25,5094200
05/15/13,41.30,41.40,40.90,40.90,3366300
05/14/13,40.80,41.30,40.80,41.00,2341400
05/10/13,40.80,41.00,40.70,40.80,2675700
05/09/13,40.90,41.20,40.70,40.80,2390200
05/08/13,40.80,41.20,40.60,40.90,1920600
05/07/13,41.40,41.50,40.35,40.70,1226500
05/06/13,41.00,41.60,41.00,41.30,7728000
05/03/13,40.25,40.85,40.25,40.60,6584600
05/02/13,40.10,40.60,39.90,39.95,4277900
04/30/13,39.50,40.35,39.50,39.90,5473200
04/29/13,38.65,39.20,38.65,38.80,1560700
04/26/13,38.20,38.65,38.10,38.50,6156500
04/25/13,38.35,38.45,37.90,38.00,6001800
04/24/13,39.00,39.60,37.80,38.30,9162400
04/23/13,40.00,40.00,38.65,38.85,12812600
04/22/13,40.80,40.90,39.70,39.85,7593500
04/19/13,41.00,41.10,40.60,40.60,3021300
04/18/13,40.75,41.20,40.75,41.00,3730600
04/17/13,40.05,40.80,40.05,40.70,2452300
04/16/13,40.00,40.45,39.50,40.00,3012400
04/15/13,40.50,41.30,40.00,40.00,2663300
04/12/13,41.55,41.60,40.05,40.50,2137000
04/11/13,40.80,41.60,40.80,41.45,5049800
04/10/13,40.50,40.85,40.50,40.70,3703000
04/08/13,39.35,40.25,38.95,40.10,2221700
04/05/13,39.25,39.35,38.80,39.35,3480700
04/04/13,39.30,39.70,39.00,39.35,1302200
04/03/13,40.00,40.00,39.40,39.40,2714000
04/02/13,40.50,40.50,39.50,39.80,2982900
04/01/13,40.60,41.00,40.15,40.50,3553200
03/27/13,39.70,40.70,39.70,40.05,4904500
03/26/13,39.10,40.05,39.10,40.00,2480400
03/25/13,39.10,39.70,38.95,39.10,2239000
03/22/13,38.95,39.00,38.60,38.65,4522500
03/21/13,39.85,40.00,38.75,38.90,3045000
03/20/13,39.60,40.00,38.15,39.20,4278800
03/19/13,38.85,39.50,37.85,39.50,3987100
03/18/13,39.90,39.90,38.70,39.00,3484800
03/15/13,39.45,40.35,39.40,39.90,2472700
03/14/13,39.60,39.65,39.15,39.40,1957400
03/13/13,39.65,39.65,39.05,39.50,2024700
03/12/13,40.05,40.40,39.50,39.65,3894200
03/11/13,39.85,40.50,39.85,39.95,3621800
03/08/13,39.50,40.50,39.50,39.70,4731500
03/07/13,40.60,40.80,39.00,39.00,14621200
03/06/13,39.45,40.70,39.20,40.60,5283000
03/05/13,40.35,40.40,39.35,39.35,15392000
03/04/13,42.85,43.00,40.30,40.35,5273300
03/01/13,41.80,42.50,41.60,42.30,6445200
02/28/13,42.70,43.60,41.40,41.40,14825000
02/27/13,41.60,42.25,41.60,41.90,10173100
02/26/13,40.50,42.05,40.15,41.60,15310000
02/25/13,40.20,40.95,40.20,40.60,5035300
02/22/13,39.50,40.50,39.50,39.80,6485100
02/21/13,38.50,40.25,38.30,39.35,6977400
02/20/13,38.20,38.55,38.05,38.35,3789200
02/19/13,38.05,38.45,38.00,38.05,2157800
02/18/13,37.85,38.45,37.80,38.00,10837200
02/15/13,37.10,38.30,37.10,37.75,5346200
02/14/13,36.40,37.65,36.00,37.10,7501300
02/13/13,35.60,36.40,35.60,36.00,22958400
02/12/13,35.95,36.00,35.30,35.45,662900
02/11/13,35.90,36.10,35.90,35.90,468600
02/08/13,35.90,36.50,35.90,36.00,3783000
02/07/13,36.00,36.10,35.90,35.95,2408500
02/06/13,36.00,36.10,35.85,35.95,4487900
02/05/13,36.00,36.50,35.75,36.00,5110200
02/04/13,35.00,36.30,35.00,36.20,11620700
02/01/13,34.85,35.95,34.80,35.00,3794900
01/31/13,35.25,35.30,34.30,34.95,6335100
01/30/13,34.20,35.20,34.20,35.00,4225500
01/29/13,33.80,34.45,33.75,34.10,5905900
01/28/13,33.15,33.90,33.15,33.50,2440000
01/25/13,32.50,33.00,32.50,33.00,4386600
01/24/13,32.25,33.05,32.25,32.50,4328300
01/23/13,32.40,32.80,31.95,31.95,3967700
01/22/13,32.00,32.30,31.95,32.00,5065400
01/21/13,32.50,32.65,31.90,31.95,6522700
01/18/13,32.15,32.50,31.80,31.80,4975000
01/17/13,32.50,32.60,31.90,32.00,7164700
01/16/13,33.00,33.00,32.50,32.50,2225000
01/15/13,32.55,33.15,32.30,32.50,2873000
01/14/13,32.40,32.90,32.30,32.35,3874900
01/11/13,32.40,32.80,32.00,32.05,2410400
01/10/13,33.25,33.70,31.90,32.00,5419700
01/09/13,33.30,33.80,32.80,33.10,5338400
01/08/13,33.25,33.40,33.10,33.30,5752100
01/07/13,32.30,33.50,32.30,33.20,3673700
01/04/13,32.30,32.65,32.05,32.25,5253200
01/03/13,32.40,32.80,32.00,32.25,5663600
01/02/13,32.95,32.95,32.30,32.30,1603500
12/28/12,32.50,33.00,32.30,33.00,1326500
12/27/12,32.55,32.60,32.10,32.25,2334300
12/26/12,33.00,33.00,32.25,32.55,1442300
12/21/12,32.30,32.60,32.05,32.05,3094400
12/20/12,33.00,33.00,32.20,32.30,1858100
12/19/12,32.55,33.45,32.55,33.00,1234700
12/18/12,33.45,33.70,32.50,32.55,1790900
12/17/12,33.85,34.20,33.15,33.40,1841800
12/14/12,33.90,34.80,33.80,33.80,3392300
12/13/12,33.95,34.00,33.40,33.90,1100700
12/12/12,34.10,34.95,33.90,33.95,2165800
12/11/12,32.50,34.00,32.50,34.00,3361400
12/10/12,32.60,32.95,32.35,32.50,544600
12/07/12,32.15,32.70,32.15,32.60,954900
12/06/12,32.60,32.65,32.10,32.10,1856600
12/05/12,32.95,32.95,32.30,32.50,2152600
12/04/12,33.30,33.30,32.80,32.95,1013900
12/03/12,32.20,33.50,32.20,33.30,3781800
11/29/12,31.85,33.00,31.85,32.20,2176300
11/28/12,32.40,32.40,31.60,31.85,2257700
11/27/12,31.00,32.65,31.00,32.45,4965900
11/26/12,29.35,31.05,29.35,30.90,7056500
11/23/12,29.10,29.60,28.95,29.30,2820800
11/22/12,29.00,29.15,28.75,29.00,4393900
11/21/12,28.90,29.50,28.80,28.80,1559400
11/20/12,29.00,29.20,28.85,28.85,3230100
11/19/12,29.40,29.40,28.70,28.95,1606200
11/16/12,29.50,29.65,29.25,29.40,1383700
11/15/12,30.15,30.15,28.70,29.50,4761400
11/14/12,29.80,30.35,29.80,30.15,4348700
11/13/12,29.90,30.00,29.70,29.75,1618500
11/12/12,29.95,30.00,29.65,29.70,733000
11/09/12,30.00,30.00,29.80,29.95,2545400
11/08/12,29.30,30.00,29.30,29.35,1619500
11/07/12,30.00,30.10,29.30,29.30,1973900
11/06/12,30.35,30.40,29.90,29.95,1159000
11/05/12,30.00,30.70,30.00,30.30,5549900
10/31/12,30.00,30.10,29.85,29.95,2275200
10/30/12,30.10,30.30,29.95,30.00,5616900
10/29/12,30.05,30.20,30.05,30.05,9606100
10/25/12,30.05,30.50,29.95,30.05,3252800
10/24/12,30.55,30.55,29.75,30.05,3116000
10/23/12,30.65,31.05,30.65,30.90,1586800
10/22/12,30.70,30.75,30.50,30.65,2550600
10/19/12,31.15,31.15,30.55,30.65,4037100
10/18/12,31.35,31.40,30.50,31.15,3330700
10/17/12,31.50,31.80,31.05,31.30,2830900
10/16/12,30.75,31.70,30.75,31.40,8231900
10/15/12,30.60,30.70,30.50,30.50,5344400
10/12/12,29.90,30.75,29.90,30.60,6072900
10/11/12,30.15,30.15,29.95,29.95,1453400
10/10/12,30.00,30.15,29.80,30.15,586700
10/09/12,29.70,30.30,29.70,30.00,3775600
10/08/12,29.05,29.90,29.00,29.70,1426300
10/05/12,30.00,30.00,29.00,29.00,2693600
10/04/12,30.50,30.50,29.65,29.65,5346700
10/03/12,30.00,30.85,30.00,30.50,2035200
10/02/12,29.70,30.10,29.70,29.95,3562400
10/01/12,29.85,30.05,29.70,29.70,1603700
09/28/12,29.75,30.10,29.50,29.70,3781300
09/27/12,29.60,29.90,29.60,29.75,616600
09/26/12,30.00,30.00,29.50,29.60,1182900
09/25/12,30.50,30.70,29.95,30.00,3108500
09/24/12,30.00,30.80,30.00,30.40,3382800
09/21/12,29.90,30.05,29.85,30.00,4500300
09/20/12,29.55,30.10,29.50,29.90,3292500
09/19/12,29.50,29.60,29.45,29.55,2259300
09/18/12,29.50,29.55,29.25,29.50,1451400
09/17/12,30.10,30.20,29.50,29.50,1505800
09/14/12,29.90,30.20,29.75,30.10,1863400
09/13/12,29.50,29.90,29.50,29.90,1418200
09/12/12,29.50,30.00,29.40,29.50,2715100
09/11/12,29.50,29.55,29.30,29.50,431900
09/10/12,29.75,29.80,29.30,29.30,1292200
09/07/12,29.40,29.80,29.40,29.60,2132500
09/06/12,29.10,29.65,29.05,29.30,2474700
09/05/12,29.50,29.50,28.90,29.05,1410200
09/04/12,29.10,29.50,29.05,29.40,2684100
09/03/12,28.75,29.00,28.70,29.00,1129300
08/31/12,28.50,28.80,28.30,28.50,3636900
08/30/12,29.35,29.35,28.25,28.25,3100400
08/29/12,29.35,30.05,29.30,29.35,5466700
08/28/12,28.20,29.30,28.10,29.25,5014100
08/24/12,28.15,28.25,28.00,28.25,1448200
08/23/12,27.10,28.30,27.10,28.30,2683300
08/22/12,27.00,27.10,26.70,27.00,1494700
08/17/12,27.05,27.05,26.70,26.80,2624500
08/16/12,28.15,28.15,27.00,27.10,1654800
08/15/12,28.30,28.50,28.00,28.15,2799500
08/14/12,27.95,28.35,27.80,28.35,1104300
08/13/12,27.95,28.15,27.80,27.95,2667500
08/10/12,27.95,28.05,27.60,27.75,452800
08/09/12,28.25,28.25,27.65,27.75,1120000
08/08/12,28.10,28.60,28.00,28.30,4738900
08/06/12,27.70,28.30,27.45,28.10,11853300
08/03/12,27.40,27.50,27.15,27.40,1515700
08/02/12,26.50,27.50,26.40,27.15,9282400
08/01/12,26.55,27.15,26.40,26.80,4595100
07/31/12,26.65,26.70,26.30,26.55,5444600
07/30/12,26.50,27.00,26.50,26.65,4554800
07/27/12,26.40,26.65,26.20,26.45,4898700
07/26/12,25.40,26.25,25.30,26.25,7220500
07/25/12,25.90,25.90,25.05,25.40,5013500
07/24/12,26.05,26.05,25.75,25.90,4140000
07/23/12,26.70,26.70,25.95,26.05,7785700
07/20/12,26.55,26.90,26.45,26.60,4219300
07/19/12,26.40,26.60,26.20,26.55,3555600
07/18/12,27.05,27.05,26.10,26.10,4950400
07/17/12,27.25,27.35,26.90,27.00,3242400
07/16/12,27.20,27.30,26.95,27.25,4564200
07/13/12,27.05,27.70,26.70,26.70,5567400
07/12/12,27.00,27.70,26.30,27.00,26477900
07/11/12,28.85,28.85,27.70,28.40,4769900
07/10/12,28.70,29.10,28.60,29.10,466100
07/09/12,29.55,29.75,28.25,28.70,7062900
07/06/12,29.00,30.15,28.90,29.50,2318600
07/05/12,28.70,29.00,28.60,28.70,3633400
07/04/12,29.20,29.60,28.60,28.60,1894200
07/03/12,27.95,29.80,27.95,29.10,3443400
07/02/12,27.70,28.10,27.40,27.80,1570300
06/29/12,27.50,27.50,26.95,27.15,1566400
06/28/12,27.60,27.75,27.15,27.50,3337500
06/27/12,26.80,27.80,26.80,27.60,1377900
06/26/12,26.80,27.10,26.75,26.80,1120400
06/25/12,26.70,27.10,26.40,26.80,516800
06/22/12,26.80,27.15,26.30,26.70,848800
06/21/12,26.00,26.90,26.00,26.80,2300700
06/20/12,26.00,26.95,25.70,26.00,4885000
06/19/12,25.70,25.70,25.40,25.45,322100
06/18/12,25.20,25.80,25.20,25.70,785200
06/15/12,25.80,26.40,24.60,24.95,2060100
06/14/12,26.45,26.45,25.50,25.80,710900
06/13/12,25.00,27.00,25.00,26.50,4622900
06/11/12,24.60,25.10,24.60,25.00,5470400
06/08/12,24.95,25.00,24.55,24.60,2417600
06/07/12,24.00,25.15,24.00,24.90,4000600
06/06/12,23.25,24.00,23.25,23.85,762900
06/05/12,23.60,23.60,23.00,23.25,519200
06/04/12,24.05,24.25,23.10,23.60,1284000
06/01/12,23.50,24.50,23.20,24.50,3727100
05/31/12,22.50,23.90,22.00,22.95,14174000
05/30/12,22.85,23.00,22.30,22.60,2789600
05/29/12,23.10,23.10,22.50,22.70,2201800
05/28/12,22.00,23.30,22.00,22.75,5450700
05/25/12,21.85,22.20,21.85,21.95,1066700
05/24/12,22.00,22.00,21.50,21.85,229800
05/23/12,22.00,22.20,21.80,21.90,1068100
05/22/12,22.85,22.90,21.95,22.00,1466500
05/21/12,22.45,22.75,22.00,22.30,2488700
05/18/12,22.45,22.45,21.85,21.95,1133700
05/17/12,21.95,23.05,21.80,22.70,5924800
05/16/12,22.60,23.50,21.00,21.60,3017700
05/15/12,22.90,22.90,21.90,21.90,7144500
05/14/12,23.55,23.60,22.75,22.90,2646400
05/11/12,24.15,24.20,23.50,23.55,2348300
05/10/12,24.90,24.90,23.10,24.15,2308700
05/09/12,24.90,25.00,24.40,24.40,896800
05/08/12,23.90,25.20,23.90,24.90,4251400
05/07/12,24.70,24.70,23.65,23.85,3234300
05/04/12,25.00,25.00,24.50,24.75,983000
05/03/12,24.85,25.35,24.70,25.00,4507400
05/02/12,24.35,25.25,24.35,24.95,1950800
04/30/12,23.80,24.75,23.20,24.20,1473100
04/27/12,24.00,24.00,23.10,23.80,393800
04/26/12,24.20,24.50,23.85,24.00,2919600
04/25/12,23.60,24.20,23.40,24.20,4156800
04/24/12,23.75,23.75,23.50,23.60,10099700
04/23/12,23.45,23.95,23.00,23.75,2681200
04/20/12,23.50,23.75,22.90,23.00,2642800
04/19/12,23.50,23.60,23.40,23.50,1957400
04/18/12,22.65,23.75,22.65,23.50,7164700
04/17/12,22.95,22.95,22.40,22.65,3957400
04/16/12,22.40,23.50,22.00,22.95,3800200
04/13/12,21.85,22.65,21.80,22.35,4970000
04/12/12,21.20,21.80,21.20,21.80,2184200
04/11/12,21.50,21.50,21.15,21.20,2226900
04/10/12,21.80,21.80,21.10,21.50,527900
04/04/12,21.70,21.70,21.50,21.50,707000
04/03/12,20.75,21.85,20.70,21.70,5597900
04/02/12,20.75,21.05,20.50,20.70,1561500
03/30/12,21.20,21.30,20.40,20.40,6021700
03/29/12,21.50,21.50,20.60,21.20,19729801
03/28/12,22.00,22.90,21.20,21.50,20191699
03/27/12,21.50,22.00,21.50,21.70,1821500
03/26/12,21.50,21.60,21.30,21.50,1660800
03/23/12,22.00,22.00,21.40,21.40,2780100
03/22/12,22.50,23.15,21.90,22.00,3016600
03/21/12,21.40,22.95,21.40,22.50,5694300
03/20/12,21.55,21.80,21.20,21.50,3649700
03/19/12,21.85,21.85,21.35,21.60,3611200
03/16/12,20.35,22.00,20.35,21.35,8711000
03/15/12,21.10,21.20,20.10,20.30,5577300
03/14/12,21.20,21.60,20.95,21.05,4186200
03/13/12,21.50,21.50,21.00,21.20,547500
03/12/12,21.60,22.00,21.35,21.40,3453800
03/09/12,22.05,22.25,21.50,21.50,986400
03/08/12,22.30,22.30,22.00,22.00,933300
03/07/12,22.60,22.60,22.00,22.30,445200
03/06/12,22.20,22.80,22.00,22.80,3353000
03/05/12,21.80,22.20,21.75,22.20,1612100
03/02/12,21.75,22.30,21.75,21.85,1944500
03/01/12,21.35,22.25,21.35,21.75,4725100
02/29/12,21.25,21.70,21.25,21.35,901400
02/28/12,20.50,21.35,20.50,21.25,2661900
02/27/12,21.50,21.50,20.90,20.90,4256400
02/24/12,22.00,22.95,20.05,21.00,12862400
02/23/12,23.60,23.60,21.75,21.75,7287800
02/22/12,22.20,23.60,22.00,23.25,10891900
02/21/12,21.50,22.00,21.25,21.75,6815500
02/20/12,21.80,22.25,21.20,21.50,2778000
02/17/12,22.10,22.50,21.75,21.80,4882600
02/16/12,22.00,22.00,21.60,21.80,683700
02/15/12,21.65,22.00,21.40,21.45,759800
02/14/12,22.10,22.15,21.40,21.55,2732100
02/13/12,22.90,23.20,21.85,21.95,6828400
02/10/12,21.70,23.20,21.35,22.90,8480200
02/09/12,20.90,21.70,20.80,21.30,2683700
02/08/12,20.80,21.60,20.80,20.90,5181000
02/07/12,20.85,21.20,19.90,20.40,4300400
02/06/12,19.68,21.20,19.68,20.45,10471300
02/03/12,19.20,19.68,19.16,19.68,4489100
02/02/12,19.50,19.50,19.00,19.20,5586300
02/01/12,19.96,19.96,19.18,19.20,5972800
01/31/12,19.28,20.10,19.24,19.62,5199100
01/30/12,19.80,19.80,19.16,19.28,2192800
01/27/12,19.94,19.94,19.74,19.76,1712300
01/26/12,19.60,20.10,19.20,19.70,10191600
01/25/12,19.84,19.90,19.00,19.50,3393500
01/24/12,18.80,19.92,18.68,19.70,3918700
01/20/12,18.32,19.36,18.32,18.68,5932500
01/19/12,18.02,18.48,18.00,18.40,1435100
01/18/12,18.00,18.34,17.98,18.00,781000
01/17/12,18.04,18.18,17.96,18.00,5241300
01/16/12,18.34,18.34,17.98,18.00,3135100
01/13/12,19.20,19.20,18.04,18.36,6677500
01/12/12,19.00,19.48,18.60,19.10,3722000
01/11/12,18.00,19.00,18.00,18.80,7778200
01/10/12,18.00,18.02,17.90,18.00,6012500
01/09/12,18.02,18.04,17.90,17.90,422400
01/06/12,18.20,18.20,18.00,18.00,1998500
01/05/12,18.20,18.20,18.00,18.08,3212000
01/04/12,18.28,18.44,18.12,18.20,1484400
01/03/12,18.16,18.30,18.10,18.22,1445000
01/02/12,18.08,18.20,17.78,18.02,1311300
12/29/11,18.34,18.34,17.76,17.88,2565100
12/28/11,18.30,18.64,18.30,18.34,999300
12/27/11,18.48,18.74,18.12,18.34,1474600
12/26/11,18.06,18.52,18.00,18.40,1694500
12/23/11,18.06,18.10,18.00,18.10,5542700
12/22/11,18.20,18.20,18.04,18.06,2966900
12/21/11,18.40,18.60,18.02,18.20,4274200
12/20/11,18.30,18.30,18.00,18.02,10349400
12/19/11,17.74,18.90,17.66,18.20,5637900
12/16/11,17.04,17.84,17.04,17.66,14247400
12/15/11,17.20,17.20,17.00,17.02,2835600
12/14/11,17.06,17.30,17.00,17.10,9969500
12/13/11,17.10,17.36,16.90,17.06,2350800
12/12/11,16.90,17.68,16.86,17.10,7857700
12/09/11,15.76,16.72,15.76,16.72,5426700
12/08/11,15.30,15.88,15.30,15.70,5359000
12/07/11,15.00,15.42,15.00,15.24,15347900
12/06/11,15.12,15.20,14.98,15.00,2512100
12/05/11,15.10,15.18,15.04,15.12,2892400
12/02/11,15.30,15.30,15.18,15.18,4481200
12/01/11,15.50,15.62,15.30,15.30,590500
11/29/11,15.62,15.62,15.02,15.30,354700
11/28/11,15.40,15.68,15.36,15.40,1545200
11/25/11,14.72,15.52,14.72,15.36,3087500
11/24/11,14.94,15.00,14.68,14.72,7055600
11/23/11,16.16,16.50,14.98,14.98,10519400
11/22/11,16.50,16.82,16.02,16.16,4833800
11/21/11,17.10,17.10,16.60,16.82,5792100
11/18/11,16.32,17.10,16.30,16.60,9489500
11/17/11,15.52,17.06,15.52,16.32,6602900
11/16/11,14.92,16.20,14.80,15.52,17248000
11/15/11,14.68,15.16,14.40,14.80,8558400
11/14/11,14.50,15.20,14.50,14.68,727200
11/11/11,14.94,15.00,14.34,14.56,1544600
11/10/11,14.30,15.00,14.10,14.94,6590600
11/09/11,15.70,15.70,14.30,14.80,5581800
11/08/11,14.46,15.94,14.10,15.50,10609200
11/04/11,12.76,14.48,12.76,14.48,17613301
11/03/11,12.60,12.76,12.50,12.74,13131000
11/02/11,12.26,12.58,12.26,12.58,6529900
10/28/11,12.26,12.50,12.26,12.38,11311200
10/27/11,12.14,12.24,12.14,12.22,416100
10/26/11,12.18,12.24,12.16,12.16,1404600
10/25/11,12.16,12.32,12.16,12.32,3730900
10/24/11,12.34,12.34,12.20,12.20,14370500
10/21/11,12.24,12.34,12.20,12.30,4269500
10/20/11,12.22,12.30,12.20,12.20,4007000
10/19/11,12.24,12.26,12.20,12.20,8274100
10/18/11,12.38,12.38,12.12,12.26,7236600
10/17/11,12.20,12.46,12.10,12.38,6994900
10/14/11,12.30,12.40,12.00,12.10,7294000
10/13/11,11.52,12.36,11.52,12.36,4896100
10/12/11,11.36,11.68,11.30,11.60,1351800
10/11/11,11.80,11.82,11.34,11.36,12181500
10/10/11,11.02,11.60,11.02,11.60,17731900
10/07/11,10.74,10.98,10.74,10.96,6454800
10/06/11,11.20,11.20,10.68,10.68,28051301